City,Customer type,Unit_price_processed,gross_income_processed,Rating_processed
Yangon,Member,4.326646051,3.301063922,2.312535424
Naypyitaw,Normal,2.789937361,1.572773928,2.360854001
Yangon,Normal,3.857144344,2.845810141,2.128231706
Yangon,Member,4.081259323,3.189982401,2.240709689
Yangon,Member,4.469465004,3.440690494,1.840549633
Naypyitaw,Member,4.458871928,3.430319195,1.62924054
Yangon,Member,4.246206912,3.075097829,1.916922612
Naypyitaw,Member,4.31160417,3.631779862,2.197224577
Yangon,Member,3.617920365,1.531692564,2.104134154
Mandalay,Member,4.022490458,2.222025585,1.931521412
Mandalay,Member,2.739548868,1.359950386,1.704748092
Mandalay,Member,3.27752202,1.808616586,2.054123734
Yangon,Member,3.870158801,2.544550399,2.091864062
Yangon,Member,3.788498519,3.117728643,2.219203484
Yangon,Member,4.281930018,3.602504238,1.902107526
Mandalay,Member,4.550925171,3.371287851,1.704748092
Yangon,Member,4.247494742,3.223883267,1.722766598
Yangon,Member,4.298780886,3.126014644,2.066862759
Yangon,Member,4.019441402,2.21925783,2.261763098
Mandalay,Member,3.7208625,1.615419984,1.686398954
Naypyitaw,Member,4.466367783,3.113959655,1.757857918
Mandalay,Member,4.488411625,2.653030675,1.808288771
Mandalay,Member,3.532225644,1.463255402,1.686398954
Yangon,Member,3.571221411,2.265921109,2.388762789
Yangon,Member,4.495690085,2.659874848,1.945910149
Yangon,Member,3.981362484,3.09267748,2.251291799
Mandalay,Member,3.541538866,0.984323142,2.041220329
Yangon,Member,4.484921613,2.279009356,2.163323026
Mandalay,Member,4.492673155,3.139399623,2.360854001
Yangon,Member,3.253856794,2.501476935,2.128231706
Mandalay,Member,4.555244377,3.199998769,1.757857918
Mandalay,Member,4.370333536,3.587165061,1.704748092
Mandalay,Member,4.440059666,3.54130709,1.808288771
Yangon,Member,4.580672554,2.366310784,1.808288771
Naypyitaw,Member,4.609361391,3.038983316,2.140066163
Naypyitaw,Member,4.235844124,1.482967248,2.054123734
Yangon,Member,4.152927886,2.812710472,2.079441542
Yangon,Member,4.125197026,3.34624829,1.740466175
Naypyitaw,Member,4.023922098,3.134101943,2.151762203
Mandalay,Member,3.437850699,2.568634865,2.163323026
Mandalay,Member,4.474149924,1.674476309,2.186051277
Naypyitaw,Member,4.044979233,1.888734928,1.987874348
Mandalay,Member,4.25020806,3.078969872,1.887069649
Naypyitaw,Member,4.602165677,3.700808025,2.151762203
Naypyitaw,Member,2.795450391,0.930982281,2.104134154
Mandalay,Member,4.55345575,2.985277816,2.351375257
Mandalay,Member,4.055083848,3.277540881,2.240709689
Mandalay,Member,3.044998515,2.303034992,1.62924054
Mandalay,Member,2.992226134,1.898968276,2.208274414
Naypyitaw,Member,4.426402307,3.745141633,2.186051277
Naypyitaw,Member,4.526126979,3.496204485,2.351375257
Yangon,Member,3.819688394,2.497123387,2.251291799
Mandalay,Member,2.937573359,1.520388096,2.014903021
Naypyitaw,Member,2.799108932,0.571826645,1.960094784
Mandalay,Member,2.842581094,0.961646434,2.014903021
Naypyitaw,Member,4.465678207,3.566485806,2.219203484
Yangon,Member,3.814189645,1.692675511,1.916922612
Yangon,Member,4.506454213,3.606584211,2.028148247
Yangon,Member,4.295242505,3.615636492,1.85629799
Naypyitaw,Member,3.453473526,2.320719663,2.332143895
Naypyitaw,Member,3.248046202,1.5499002,2.397895273
Naypyitaw,Member,4.038303171,2.87463751,2.079441542
Mandalay,Member,4.02660091,3.24965718,2.397895273
Yangon,Member,2.821973947,2.186612917,2.261763098
Mandalay,Member,4.340423085,2.781796203,2.151762203
Yangon,Member,2.825536897,2.189976149,1.916922612
Naypyitaw,Member,3.540089381,1.469485952,2.041220329
Mandalay,Member,4.591172676,3.410586499,2.388762789
Yangon,Member,4.379147494,3.698458429,2.00148
Yangon,Member,2.961658293,0.650500606,1.667706821
Naypyitaw,Member,4.505128832,3.822973189,2.360854001
Naypyitaw,Member,4.145037677,3.467609147,1.931521412
Mandalay,Member,3.902376628,2.113601393,1.609437912
Naypyitaw,Member,4.342635907,3.168550483,2.272125886
Yangon,Member,4.326381781,3.543897034,2.341805806
Naypyitaw,Member,3.753027274,3.083056102,1.85629799
Naypyitaw,Member,3.912822686,3.138446376,2.261763098
Yangon,Member,3.044998515,2.303034992,1.902107526
Naypyitaw,Member,4.373364224,3.692746966,2.028148247
Naypyitaw,Member,3.062455906,1.807468763,1.945910149
Naypyitaw,Member,4.607068383,3.426117611,1.871802177
Mandalay,Member,4.58169683,2.740969048,2.00148
Naypyitaw,Member,3.008154794,2.163323026,2.028148247
Naypyitaw,Member,4.398883752,2.837439695,2.2300144
Naypyitaw,Member,3.910221383,2.582297996,2.028148247
Naypyitaw,Member,4.43153083,3.403561252,1.609437912
Naypyitaw,Member,4.350535968,3.00221124,2.388762789
Yangon,Member,3.919594271,2.905971666,2.116255515
Yangon,Member,3.772071045,1.138954168,1.902107526
Mandalay,Member,4.356580613,3.182087351,1.960094784
Naypyitaw,Member,3.879086505,2.349086927,2.091864062
Naypyitaw,Member,3.825593277,3.154017253,2.219203484
Yangon,Member,3.134624272,2.162518104,1.808288771
Mandalay,Member,4.179910451,3.399929912,2.261763098
Naypyitaw,Member,4.508108473,1.702472778,2.028148247
Yangon,Member,4.5865988,1.767808248,2.104134154
Mandalay,Member,4.487174628,3.805217001,1.808288771
Naypyitaw,Member,2.598979106,1.554981727,1.62924054
Yangon,Member,3.984343667,2.187454786,2.332143895
Mandalay,Member,4.427238977,3.250762014,2.128231706
Naypyitaw,Member,3.90620612,1.234162475,1.62924054
Naypyitaw,Member,4.376385755,3.593125426,2.104134154
Naypyitaw,Member,3.180966252,2.43198923,1.774952351
Yangon,Member,4.081934542,2.916580835,2.388762789
Mandalay,Member,3.445214267,2.452942875,2.197224577
Yangon,Member,4.496136265,3.814079361,2.116255515
Naypyitaw,Member,3.345684672,2.220724067,2.186051277
Yangon,Member,4.145196092,2.977517385,2.128231706
Naypyitaw,Member,3.55477647,2.790612808,1.648658626
Naypyitaw,Member,4.418479097,3.737312412,2.32238772
Mandalay,Member,2.861629289,0.97418221,1.722766598
Naypyitaw,Member,4.597238816,2.755665072,2.174751721
Mandalay,Member,4.30190059,3.276918292,2.240709689
Yangon,Member,4.078723181,3.300695414,1.667706821
Naypyitaw,Member,4.404154987,3.620480156,2.351375257
Naypyitaw,Member,3.332918541,1.619982126,2.091864062
Mandalay,Member,3.132882112,1.869491818,1.840549633
Mandalay,Member,3.958142941,1.272005215,1.824549292
Yangon,Member,2.481567749,1.86872051,1.945910149
Mandalay,Member,3.997099178,1.847509484,1.62924054
Yangon,Member,4.610754564,3.709270144,1.824549292
Naypyitaw,Member,4.062509839,3.044141413,2.014903021
Mandalay,Member,4.614724399,3.828250016,1.648658626
Naypyitaw,Member,4.173001695,3.279556916,1.722766598
Mandalay,Member,4.051263073,3.160738108,2.116255515
Yangon,Member,4.550608398,3.520209292,1.704748092
Yangon,Member,3.504054767,2.20414502,2.302585093
Naypyitaw,Member,3.488292089,2.726446611,1.931521412
Naypyitaw,Member,4.241902127,3.346952367,2.251291799
Mandalay,Member,4.513931706,3.728724972,2.104134154
Mandalay,Normal,3.704260556,2.699143992,2.140066163
Yangon,Member,4.533996367,3.354769425,2.2300144
Mandalay,Normal,3.579064588,2.07543352,2.128231706
Mandalay,Member,4.482437421,3.304502911,2.282382386
Naypyitaw,Normal,4.410371108,3.234355396,1.840549633
Naypyitaw,Normal,4.513274171,2.676421926,1.974081026
Yangon,Normal,3.307252935,2.02518333,2.282382386
Yangon,Member,3.567276632,2.427100968,2.379546134
Mandalay,Normal,3.968592357,3.294168809,2.219203484
Yangon,Normal,4.297285406,3.401197382,2.32238772
Naypyitaw,Member,4.508659286,3.826465117,1.85629799
Naypyitaw,Member,4.516338972,3.834061464,2.208274414
Naypyitaw,Member,4.242764567,3.563882964,2.312535424
Naypyitaw,Member,3.447126314,0.924457295,2.240709689
Yangon,Normal,4.368814741,3.193968189,2.197224577
Naypyitaw,Normal,3.855664272,2.699883612,2.351375257
Yangon,Member,3.438493166,2.77695418,2.32238772
Naypyitaw,Normal,4.206779992,2.655211854,1.887069649
Mandalay,Member,4.288539792,3.392627431,1.974081026
Yangon,Normal,3.510350696,2.637913819,1.774952351
Mandalay,Member,4.527640983,2.960519518,1.757857918
Naypyitaw,Member,3.571221411,2.57230684,2.116255515
Yangon,Normal,4.433669868,3.649566737,2.128231706
Naypyitaw,Normal,2.86105737,1.782382307,2.388762789
Naypyitaw,Normal,4.406353327,3.508196554,2.332143895
Yangon,Member,4.535712921,3.18107011,2.302585093
Mandalay,Member,4.292785501,1.527902424,1.960094784
Mandalay,Normal,3.937300813,2.607861474,2.370243741
Mandalay,Member,4.587209861,3.801069098,1.945910149
Mandalay,Normal,4.547435135,3.367881865,2.397895273
Naypyitaw,Normal,3.788272198,2.905369833,2.2300144
Yangon,Normal,4.16960663,1.431387222,1.945910149
Yangon,Normal,3.845669505,2.834770954,2.079441542
Naypyitaw,Normal,4.348986781,2.156402583,2.014903021
Mandalay,Normal,3.711130063,3.042138646,1.931521412
Mandalay,Member,3.77436884,2.891926105,1.887069649
Naypyitaw,Normal,4.57037168,3.887525374,1.757857918
Yangon,Normal,4.604970166,3.921775297,2.272125886
Yangon,Normal,3.956613889,2.796305249,2.014903021
Yangon,Member,4.255896358,3.232068419,2.251291799
Yangon,Normal,4.262820712,2.917905858,1.871802177
Mandalay,Member,4.395066248,3.045117499,2.341805806
Naypyitaw,Normal,3.084200922,2.234306252,1.987874348
Mandalay,Member,3.986944932,2.82535905,2.379546134
Mandalay,Normal,3.034472102,2.187847416,2.272125886
Yangon,Member,3.550766152,2.786738145,2.282382386
Yangon,Member,3.142858338,2.289297199,2.360854001
Naypyitaw,Normal,3.157425863,2.183632624,1.757857918
Yangon,Normal,4.315886832,3.142599349,1.686398954
Naypyitaw,Member,4.475061501,2.640484882,2.388762789
Naypyitaw,Normal,4.178379291,3.156617369,1.902107526
Naypyitaw,Member,3.67554089,2.79654936,2.163323026
Yangon,Member,2.803360381,2.1690537,2.197224577
Naypyitaw,Normal,3.56416621,2.689478816,1.902107526
Yangon,Normal,2.59076704,1.671285316,2.041220329
Mandalay,Member,2.948640666,1.311570815,2.197224577
Mandalay,Member,4.55902153,3.658317149,2.140066163
Mandalay,Member,3.860097933,2.331561201,2.079441542
Yangon,Normal,4.318421012,1.548306912,2.388762789
Naypyitaw,Normal,4.260000234,2.705513653,1.931521412
Mandalay,Normal,4.357221516,2.530198639,2.104134154
Mandalay,Normal,4.311067546,2.122501031,1.722766598
Naypyitaw,Normal,4.48638665,3.701548857,2.32238772
Mandalay,Normal,3.279029748,1.809926773,1.902107526
Yangon,Normal,3.517794529,2.216754836,2.388762789
Naypyitaw,Member,4.321347324,1.550642866,1.791759469
Naypyitaw,Member,3.799973502,1.680827909,1.774952351
Yangon,Normal,3.269188639,0.817353984,1.960094784
Naypyitaw,Normal,3.749504076,2.2300144,2.219203484
Naypyitaw,Member,4.282068168,2.936380279,1.871802177
Naypyitaw,Member,3.003204288,1.90880149,2.054123734
Mandalay,Member,4.068855799,2.525568632,2.028148247
Naypyitaw,Normal,4.133725519,3.113226379,2.379546134
Mandalay,Member,3.292126287,2.635479508,2.272125886
Mandalay,Member,2.932259851,1.694238514,1.85629799
Yangon,Normal,3.17930305,2.430406464,2.186051277
Naypyitaw,Member,4.214347355,3.43374524,2.370243741
Naypyitaw,Member,3.385406696,2.725562626,2.174751721
Mandalay,Normal,3.445852022,1.714788428,1.808288771
Mandalay,Normal,4.61244367,3.825996598,2.014903021
Yangon,Normal,3.304319307,2.549718571,1.931521412
Naypyitaw,Normal,4.546056921,3.760432379,2.282382386
Mandalay,Normal,4.536462988,3.181796817,1.774952351
Mandalay,Normal,3.859044081,2.074805813,1.686398954
Mandalay,Member,3.421326753,2.430406464,2.014903021
Yangon,Normal,2.959068289,0.649195293,2.2300144
Mandalay,Normal,3.249211025,1.973038816,2.251291799
Yangon,Member,4.560591143,2.721032235,1.871802177
Mandalay,Normal,4.562993107,3.662227423,2.272125886
Mandalay,Normal,4.066287964,2.26186726,2.186051277
Mandalay,Normal,3.836221292,2.681363936,1.960094784
Mandalay,Normal,4.144403762,3.123597645,1.85629799
Naypyitaw,Normal,2.550226116,1.37434829,2.341805806
Naypyitaw,Member,2.605648267,0.486737828,2.219203484
Yangon,Normal,3.789855371,1.672412712,1.974081026
Naypyitaw,Member,4.479153345,2.273774011,2.370243741
Mandalay,Member,4.253767036,3.472478744,1.609437912
Naypyitaw,Member,3.639163862,2.129659258,2.370243741
Mandalay,Member,4.518522379,3.339676525,1.840549633
Yangon,Normal,4.165424144,3.272151154,2.128231706
Mandalay,Normal,4.411221293,2.212332104,2.014903021
Mandalay,Member,2.450142657,0.951078557,2.272125886
Mandalay,Normal,4.44370952,3.659463517,2.197224577
Mandalay,Member,4.315085229,2.757728859,2.041220329
Yangon,Member,3.969159197,3.294725137,2.014903021
Yangon,Normal,4.544783036,2.333502196,1.62924054
Naypyitaw,Normal,2.912893995,1.677563741,1.774952351
Naypyitaw,Member,3.811539467,2.489479512,2.261763098
Mandalay,Member,2.654649424,1.459777138,1.667706821
Yangon,Normal,4.507447097,1.701925932,1.774952351
Yangon,Normal,3.255786179,2.503319423,1.887069649
Yangon,Normal,4.107096246,1.942619025,1.916922612
Naypyitaw,Member,4.545420182,2.33408376,1.945910149
Yangon,Member,4.153399325,2.604909442,1.648658626
Mandalay,Normal,4.552507533,3.651904218,2.2300144
Yangon,Member,3.883417748,2.997530655,1.902107526
Mandalay,Member,4.411585437,2.580974119,1.757857918
Yangon,Member,2.941276088,1.702017094,2.054123734
Yangon,Member,4.365897253,2.806023498,2.282382386
Mandalay,Normal,4.304875575,3.279820395,1.648658626
Mandalay,Member,3.861781789,3.088653238,2.00148
Naypyitaw,Member,3.588782838,2.922892727,2.240709689
Naypyitaw,Normal,2.733717948,0.891588119,2.104134154
Yangon,Normal,3.208825489,1.749199855,1.824549292
Yangon,Member,4.092676505,3.201119103,2.292534757
Mandalay,Member,3.515121128,2.018097911,2.302585093
Yangon,Member,4.209902903,1.462676531,2.370243741
Yangon,Member,3.292497965,2.171678823,2.272125886
Yangon,Member,3.504054767,2.008214032,2.014903021
Naypyitaw,Member,4.203796696,2.652396537,2.066862759
Yangon,Normal,4.331522503,3.548956249,1.974081026
Naypyitaw,Normal,2.859339649,1.456286733,1.887069649
Mandalay,Member,3.671224519,2.158714723,1.902107526
Yangon,Member,3.145874932,2.494856981,1.648658626
Mandalay,Normal,4.015481714,1.314395486,2.186051277
Yangon,Member,4.599152114,3.567841126,2.272125886
Naypyitaw,Normal,3.596490005,2.091123046,2.066862759
Mandalay,Member,4.325456283,3.645449896,2.351375257
Yangon,Member,4.273048472,2.71786851,1.686398954
Yangon,Member,3.598407551,2.932259851,2.079441542
Mandalay,Normal,4.225811325,2.882423588,1.987874348
Naypyitaw,Member,3.096482177,1.135265606,2.370243741
Yangon,Member,3.115291509,2.369589322,2.282382386
Yangon,Normal,2.567254391,0.789820068,1.808288771
Mandalay,Normal,4.6122451,3.431176807,2.186051277
Mandalay,Normal,3.891207866,2.878608396,1.974081026
Naypyitaw,Member,3.127637344,2.477378383,2.091864062
Naypyitaw,Normal,4.568713649,2.999923478,2.00148
Naypyitaw,Member,4.27652722,3.597175265,1.902107526
Yangon,Member,3.807106835,3.135928904,2.360854001
Yangon,Normal,4.262116338,3.366743954,2.00148
Naypyitaw,Normal,3.63758616,1.047318994,2.186051277
Yangon,Normal,2.793616089,0.569283193,2.014903021
Yangon,Member,4.61343593,3.432340688,2.251291799
Yangon,Member,3.885062824,2.354608121,2.312535424
Mandalay,Normal,4.214790715,2.871868286,2.151762203
Naypyitaw,Member,4.328889536,1.556669847,2.066862759
Naypyitaw,Normal,3.208825489,2.458519895,2.351375257
Mandalay,Normal,3.902174669,2.8891766,1.824549292
Yangon,Member,4.56309741,3.532459535,1.648658626
Mandalay,Member,3.7208625,3.051639905,2.079441542
Naypyitaw,Normal,3.362109993,2.374673169,1.945910149
Yangon,Member,4.150724896,1.416823566,1.740466175
Yangon,Member,3.620600613,1.533851925,2.091864062
Mandalay,Normal,2.950211758,2.308070023,1.931521412
Naypyitaw,Member,3.968781339,2.637627737,2.140066163
Naypyitaw,Normal,3.395849775,1.912205622,2.00148
Yangon,Member,4.374246447,3.199244383,1.916922612
Yangon,Member,4.111037785,2.565103192,1.704748092
Naypyitaw,Member,4.495466921,1.692031211,2.163323026
Naypyitaw,Normal,4.613336749,2.396257569,2.041220329
Mandalay,Member,3.689129423,1.081974648,1.740466175
Naypyitaw,Normal,3.904192426,1.232706023,1.686398954
Yangon,Normal,3.954890906,2.419300893,1.740466175
Mandalay,Normal,2.770085592,1.943621819,2.261763098
Yangon,Member,4.293195421,3.268427604,1.667706821
Yangon,Normal,3.719166147,2.713402519,2.360854001
Yangon,Member,4.497473611,3.597750521,1.62924054
Yangon,Member,3.313458467,1.603822174,1.740466175
Yangon,Normal,4.417755682,2.218224744,2.174751721
Mandalay,Member,4.393584584,3.218035472,1.871802177
Naypyitaw,Member,4.25319845,2.071031274,2.370243741
Yangon,Member,2.723267167,1.516774228,1.686398954
Yangon,Member,2.806386102,2.079128993,1.791759469
Naypyitaw,Member,4.37109207,3.690503135,1.686398954
Naypyitaw,Member,4.608863358,2.392151536,1.824549292
Naypyitaw,Member,3.094672221,1.425995728,2.116255515
Naypyitaw,Member,4.327966358,2.980491724,1.774952351
Naypyitaw,Member,3.423284978,2.432252781,2.208274414
Naypyitaw,Member,3.808216837,2.283809938,2.240709689
Naypyitaw,Normal,3.175132902,2.426438555,1.871802177
Naypyitaw,Normal,3.699324712,1.088898596,2.240709689
Yangon,Normal,2.788708104,1.718830289,2.379546134
Yangon,Normal,4.139477252,2.799869446,2.041220329
Yangon,Normal,3.114403803,2.009019077,2.341805806
Mandalay,Normal,4.592490133,3.022763613,2.00148
Yangon,Member,4.612939923,3.255978913,1.85629799
Naypyitaw,Member,4.556609995,2.988304758,2.261763098
Mandalay,Member,3.953740599,2.418232517,1.609437912
Yangon,Member,3.620600613,2.112876318,2.151762203
Mandalay,Normal,3.136363403,2.389588137,2.054123734
Yangon,Normal,3.523415014,1.780867028,2.312535424
Yangon,Normal,4.356965204,3.008401677,1.871802177
Yangon,Member,3.197856458,1.208363153,2.186051277
Naypyitaw,Member,2.753660712,1.542229163,2.251291799
Yangon,Member,3.38269391,2.093406082,2.312535424
Yangon,Normal,4.348986781,3.566146689,2.140066163
Mandalay,Normal,4.076689627,2.911535115,1.824549292
Naypyitaw,Normal,3.884651809,2.097711132,2.351375257
Mandalay,Member,3.780090334,3.009092625,2.292534757
Mandalay,Member,3.893655348,2.105779142,2.174751721
Mandalay,Member,4.042524813,3.024781237,2.292534757
Mandalay,Member,4.355425953,3.329164179,2.163323026
Naypyitaw,Normal,4.585273554,3.229123141,2.332143895
Yangon,Normal,3.821003607,2.040895601,1.974081026
Yangon,Normal,4.368561384,3.585419908,2.151762203
Yangon,Member,4.289774275,1.525512677,2.116255515
Naypyitaw,Member,4.502583597,3.602776755,1.740466175
Yangon,Normal,3.296577333,2.313228253,1.808288771
Mandalay,Normal,2.674148649,2.047692843,1.757857918
Naypyitaw,Member,4.608165695,3.924939231,2.028148247
Yangon,Normal,3.964425684,2.94924321,1.871802177
Mandalay,Member,4.020518602,3.003477204,2.251291799
Mandalay,Member,3.33220451,2.576421759,1.757857918
Naypyitaw,Normal,3.441699325,0.921079249,2.240709689
Mandalay,Member,4.501364017,2.935345124,2.174751721
Naypyitaw,Normal,3.6519561,2.984418514,2.332143895
Naypyitaw,Normal,4.568921053,3.886089623,1.824549292
Mandalay,Normal,3.349904087,1.634130525,2.014903021
Mandalay,Normal,4.330338526,1.557828779,1.887069649
Yangon,Member,4.406231323,3.508076743,2.128231706
Naypyitaw,Normal,4.558812062,3.65811092,2.312535424
Naypyitaw,Normal,4.613039144,2.395984357,2.197224577
Yangon,Normal,4.307033656,3.134014861,2.104134154
Naypyitaw,Normal,3.743367639,2.224407312,2.091864062
Naypyitaw,Normal,4.414977735,2.852785264,2.312535424
Naypyitaw,Normal,3.957378707,3.181962847,1.887069649
Yangon,Member,4.203796696,2.652396537,1.945910149
Naypyitaw,Normal,2.731766728,2.101692151,1.85629799
Yangon,Member,3.113515309,2.367904559,2.174751721
Mandalay,Member,3.305420426,2.321504978,2.388762789
Mandalay,Normal,4.126489016,1.959531245,1.774952351
Naypyitaw,Normal,4.264227974,3.092541329,1.824549292
Naypyitaw,Normal,3.763058852,2.611832943,2.292534757
Yangon,Normal,4.220830359,2.877652319,2.312535424
Yangon,Member,4.581901559,3.225851439,2.079441542
Mandalay,Member,3.594019173,2.828555454,2.360854001
Naypyitaw,Normal,4.569439376,3.538681369,2.272125886
Naypyitaw,Member,4.584763376,3.015338803,2.341805806
Mandalay,Normal,3.2047769,1.745715531,1.609437912
Yangon,Member,4.422808628,2.860256134,2.140066163
Naypyitaw,Normal,3.318178026,1.297736334,1.648658626
Mandalay,Normal,4.61204649,3.255111317,2.388762789
Naypyitaw,Member,4.329284923,2.771212776,1.648658626
Yangon,Normal,3.736240025,2.419033906,2.388762789
Mandalay,Member,4.341465023,1.566739158,1.916922612
Naypyitaw,Normal,3.866397827,2.710114735,1.945910149
Yangon,Normal,3.506157817,2.842581094,2.397895273
Naypyitaw,Member,4.008605103,3.232048681,2.351375257
Mandalay,Normal,2.955951404,1.998367052,2.028148247
Naypyitaw,Member,4.400357591,2.570472538,2.208274414
Mandalay,Normal,3.662278772,2.994481492,2.370243741
Yangon,Member,4.354398468,1.577121311,2.104134154
Yangon,Member,3.97518558,3.300640127,1.974081026
Yangon,Normal,4.391234115,1.606834527,2.116255515
Yangon,Normal,4.363098625,3.014308659,1.667706821
Yangon,Normal,4.012230266,2.67879302,1.722766598
Mandalay,Normal,2.680336363,1.962275503,1.916922612
Mandalay,Member,3.73909717,2.589116504,2.2300144
Mandalay,Member,3.007660844,2.267786587,2.197224577
Naypyitaw,Normal,3.699572084,2.551708233,2.341805806
Naypyitaw,Normal,3.854817532,2.326692168,1.974081026
Naypyitaw,Member,2.706715978,0.530039843,2.379546134
Mandalay,Normal,3.70745584,2.392197252,2.360854001
Naypyitaw,Member,4.592996385,3.56179864,1.774952351
Yangon,Member,4.223323943,2.670832813,2.197224577
Yangon,Normal,2.693951277,1.492342141,2.174751721
Mandalay,Member,4.244343779,2.690700563,1.62924054
Yangon,Normal,4.052306551,2.510086948,1.871802177
Naypyitaw,Normal,3.21164978,1.939460825,1.85629799
Mandalay,Normal,3.561330133,2.896188143,1.808288771
Mandalay,Normal,3.129826008,1.159080035,2.066862759
Yangon,Member,3.089677886,1.831380743,2.174751721
Yangon,Normal,3.289893312,1.584325212,2.028148247
Yangon,Normal,3.949896658,3.062081654,2.32238772
Mandalay,Normal,4.575844357,1.758805744,2.174751721
Naypyitaw,Normal,3.836868332,2.310156358,2.272125886
Naypyitaw,Member,4.412919498,1.624425042,2.32238772
Mandalay,Normal,4.064228938,1.905385729,2.2300144
Yangon,Member,3.266522478,2.285133699,2.219203484
Naypyitaw,Member,3.678829118,1.915450942,2.140066163
Naypyitaw,Normal,4.443239319,2.610621111,2.379546134
Naypyitaw,Member,4.587108043,3.904091635,2.272125886
Mandalay,Member,3.274121299,2.413052546,2.041220329
Naypyitaw,Normal,2.849549763,0.595534352,1.791759469
Mandalay,Member,3.728340523,2.958782979,2.079441542
Yangon,Member,3.99212725,2.976014143,2.292534757
Mandalay,Member,3.085115835,1.418398465,2.197224577
Mandalay,Normal,4.223470431,2.88018112,2.066862759
Yangon,Member,4.517976974,3.835681772,2.116255515
Mandalay,Normal,4.249637447,2.067874905,2.066862759
Naypyitaw,Normal,3.790307247,1.672788228,1.902107526
Yangon,Normal,3.19703913,2.084180296,2.00148
Mandalay,Normal,4.56995743,3.539189643,2.360854001
Mandalay,Normal,3.880325919,1.21550604,2.054123734
Naypyitaw,Normal,4.607567311,3.821178838,2.302585093
Naypyitaw,Member,4.429983118,2.867103131,2.360854001
Yangon,Normal,3.555062306,2.415645885,2.163323026
Naypyitaw,Member,2.892591515,1.483421072,2.079441542
Naypyitaw,Normal,3.734330717,2.853246625,2.014903021
Naypyitaw,Member,2.914522218,1.678963975,2.208274414
Mandalay,Member,4.493456196,3.593799248,1.667706821
Yangon,Member,4.502140286,3.717090261,2.014903021
Naypyitaw,Normal,2.623218266,0.4940863,2.351375257
Yangon,Normal,3.000719815,2.039270377,2.370243741
Mandalay,Member,3.003204288,0.671668149,2.351375257
Naypyitaw,Member,3.355502422,2.696652156,2.292534757
Naypyitaw,Normal,3.844600329,2.061913825,2.014903021
Mandalay,Member,3.33470139,0.855903582,1.840549633
Mandalay,Member,3.691874963,1.083837003,2.360854001
Mandalay,Normal,4.326910252,3.153291424,2.041220329
Mandalay,Normal,3.135928904,2.028542906,2.151762203
Yangon,Normal,4.168369198,2.82746154,1.757857918
Yangon,Normal,3.258096538,0.810930216,1.871802177
Yangon,Member,3.080532875,1.639773112,1.740466175
Mandalay,Member,3.419691964,2.12704052,2.066862759
Mandalay,Member,4.361823927,3.578785531,1.704748092
Mandalay,Normal,4.38688979,3.706105235,1.974081026
Naypyitaw,Member,3.86220231,3.189858876,2.151762203
Naypyitaw,Normal,3.607940512,1.0276532,2.186051277
Naypyitaw,Normal,3.726175239,2.409644165,1.704748092
Mandalay,Member,4.304740541,3.625007378,2.272125886
Naypyitaw,Normal,4.316821225,2.759376828,1.960094784
Naypyitaw,Member,3.162093811,0.756591353,2.00148
Yangon,Member,3.957760897,2.627201613,2.312535424
Naypyitaw,Member,4.017283516,3.341978022,2.091864062
Naypyitaw,Member,3.641525758,2.639235885,2.163323026
Mandalay,Normal,3.638112337,2.493701197,1.704748092
Naypyitaw,Normal,3.117064559,0.731887009,2.104134154
Naypyitaw,Member,4.603568905,1.782045777,2.240709689
Naypyitaw,Member,4.439941707,3.263122349,1.85629799
Yangon,Member,3.714790836,2.198335072,2.370243741
Yangon,Member,3.787139823,3.116400033,1.871802177
Mandalay,Member,4.298237334,3.40213028,1.722766598
Yangon,Member,4.181133692,2.839663088,2.028148247
Yangon,Normal,4.192378302,2.377414234,1.987874348
Yangon,Normal,3.533978493,2.231626004,1.648658626
Naypyitaw,Normal,4.443474447,2.879984665,1.686398954
Mandalay,Normal,3.565864003,2.900597078,2.041220329
Yangon,Normal,3.678829118,1.075002423,2.041220329
Naypyitaw,Normal,4.204244758,3.310104961,2.240709689
Naypyitaw,Normal,3.520460802,2.856470206,1.974081026
Yangon,Normal,3.6412636,2.330686523,1.791759469
Mandalay,Member,4.117084049,3.440097531,1.945910149
Naypyitaw,Member,3.637059705,2.969901514,2.079441542
Mandalay,Member,3.921775297,2.388579286,2.028148247
Mandalay,Normal,3.739810183,3.070143771,2.116255515
Yangon,Normal,3.641525758,2.131796772,2.2300144
Naypyitaw,Normal,3.176385773,0.764537177,1.667706821
Mandalay,Member,4.365388994,3.582295969,2.379546134
Mandalay,Normal,3.575150689,1.497388409,2.219203484
Yangon,Member,3.028199464,2.382320061,2.104134154
Mandalay,Member,3.270329106,2.409464455,2.272125886
Naypyitaw,Member,2.574137784,1.954445052,2.240709689
Mandalay,Normal,4.614030814,2.396894772,2.091864062
Mandalay,Normal,4.342765921,3.445788265,1.871802177
Naypyitaw,Normal,4.162314689,1.990883515,2.251291799
Naypyitaw,Normal,4.513493397,3.334772638,1.974081026
Mandalay,Member,4.59643212,1.776053439,2.292534757
Yangon,Member,3.961194049,3.073063616,2.360854001
Mandalay,Member,4.317088034,1.547243309,1.85629799
Naypyitaw,Member,3.493472658,0.953586517,2.312535424
Naypyitaw,Normal,4.254193263,2.071913275,2.302585093
Mandalay,Normal,4.546587229,2.335149084,1.987874348
Mandalay,Normal,4.49367981,1.690556964,2.351375257
Yangon,Member,3.226050029,2.367623489,2.379546134
Mandalay,Member,3.90197267,2.113238921,2.041220329
Mandalay,Normal,4.443239319,3.266331766,2.163323026
Mandalay,Member,4.131800899,2.792544524,2.079441542
Naypyitaw,Member,2.830267834,1.755268361,1.808288771
Mandalay,Member,4.518958489,3.489177733,1.974081026
Yangon,Normal,3.782142085,2.461936511,1.960094784
Yangon,Normal,4.012411179,2.995632269,2.332143895
Yangon,Normal,4.610655116,3.57913434,2.151762203
Naypyitaw,Member,4.084125862,3.065095077,2.219203484
Naypyitaw,Member,3.960241578,1.273545508,2.251291799
Mandalay,Member,4.022848561,2.688867382,2.379546134
Naypyitaw,Member,3.69858223,2.383934639,2.272125886
Yangon,Normal,3.575990672,1.498059324,2.370243741
Naypyitaw,Member,4.28936295,2.943385793,1.667706821
Mandalay,Normal,3.843958275,2.061341215,2.163323026
Naypyitaw,Member,4.432838563,3.256210145,2.116255515
Yangon,Member,3.649098584,2.504055469,1.931521412
Naypyitaw,Normal,4.156849768,1.986091939,1.791759469
Yangon,Normal,4.415340514,3.239188126,2.197224577
Yangon,Member,4.526235198,3.171889034,2.091864062
Mandalay,Normal,3.694115721,2.179513095,2.302585093
Mandalay,Member,4.108576144,1.943908146,2.041220329
Mandalay,Member,4.013857311,3.338612506,1.960094784
Yangon,Normal,4.596028528,3.809779848,2.332143895
Yangon,Normal,3.274499729,2.155128624,2.079441542
Yangon,Member,4.473693823,3.574366067,2.104134154
Mandalay,Normal,3.175968324,2.523726642,2.219203484
Naypyitaw,Normal,2.851284369,2.121003263,2.240709689
Yangon,Normal,3.378269877,2.089391873,1.974081026
Naypyitaw,Normal,2.871868286,1.921983315,2.128231706
Mandalay,Member,4.316954638,1.547136886,1.791759469
Yangon,Normal,4.594513606,1.774443747,2.066862759
Yangon,Normal,4.304740541,2.747911735,1.774952351
Naypyitaw,Member,4.482776538,3.304833313,1.808288771
Yangon,Normal,3.455685567,1.723123677,2.312535424
Naypyitaw,Member,4.342245765,1.567365136,2.091864062
Mandalay,Member,3.05305734,1.616612116,1.791759469
Naypyitaw,Member,2.984165637,1.891755622,1.871802177
Mandalay,Normal,4.279440046,1.517322624,2.32238772
Mandalay,Member,3.684118137,2.170424189,1.774952351
Yangon,Normal,3.415100287,2.754297452,2.292534757
Yangon,Normal,4.126327608,3.347356987,1.945910149
Mandalay,Normal,3.961574784,2.630809121,1.648658626
Yangon,Normal,4.205587741,3.035817997,2.116255515
Mandalay,Normal,4.065087381,2.260773025,2.014903021
Mandalay,Normal,4.012953724,3.236303084,2.292534757
Mandalay,Normal,4.081596989,3.303511048,2.370243741
Naypyitaw,Normal,3.14458322,2.036403552,2.261763098
Yangon,Member,3.011605623,2.049240033,2.066862759
Mandalay,Normal,3.650138626,1.890397439,2.163323026
Mandalay,Member,4.291007236,2.10462184,2.351375257
Naypyitaw,Member,4.600358629,3.917209532,1.704748092
Yangon,Member,3.753261713,2.602541526,1.887069649
Yangon,Member,4.296196378,2.473424313,2.219203484
Mandalay,Normal,3.117064559,2.371271251,2.116255515
Naypyitaw,Normal,4.502029427,3.819907717,1.686398954
Mandalay,Normal,3.770920164,2.888592398,1.902107526
Yangon,Member,4.324265098,3.150725456,1.791759469
Mandalay,Normal,4.607667066,2.391053741,2.302585093
Yangon,Normal,4.409276949,3.728220352,1.987874348
Naypyitaw,Normal,3.918601321,3.245128196,2.341805806
Yangon,Normal,4.200804473,3.420444299,2.163323026
Mandalay,Normal,4.392719264,3.365604746,1.871802177
Naypyitaw,Normal,4.317221411,3.29186603,1.62924054
Mandalay,Member,4.419322419,3.068517943,2.151762203
Mandalay,Member,3.320348794,2.662704099,2.261763098
Yangon,Member,2.409644165,1.514137733,2.2300144
Mandalay,Normal,4.295787687,2.108878977,2.208274414
Yangon,Normal,4.4648731,3.112514809,2.261763098
Mandalay,Member,4.410492607,3.382982493,1.987874348
Mandalay,Normal,4.115779843,2.569554124,1.916922612
Naypyitaw,Normal,3.489513463,1.995244383,1.974081026
Yangon,Normal,4.178532513,2.628574,2.163323026
Mandalay,Normal,4.255754544,2.073297707,2.208274414
Naypyitaw,Normal,3.340030946,1.625901638,2.116255515
Yangon,Member,4.365388994,2.805539822,2.240709689
Naypyitaw,Member,4.543081994,2.331949702,2.197224577
Mandalay,Member,2.948640666,1.529528529,2.351375257
Mandalay,Normal,4.159820144,2.347462852,2.079441542
Yangon,Normal,3.964805191,2.42851265,2.379546134
Yangon,Normal,3.976686519,2.180530447,2.32238772
Yangon,Normal,3.785552341,2.465129022,2.163323026
Naypyitaw,Normal,4.104459896,3.427677014,1.840549633
Yangon,Normal,2.748552144,1.537941911,1.686398954
Naypyitaw,Member,3.861361091,2.705313125,1.667706821
Naypyitaw,Member,3.228430038,2.249606168,2.341805806
Yangon,Member,3.841171264,1.187538498,2.379546134
Yangon,Member,4.333361463,2.507971923,1.757857918
Mandalay,Member,4.582924577,2.742129515,1.840549633
Mandalay,Normal,2.761274962,1.170312603,2.272125886
Yangon,Normal,3.974058396,2.178155015,2.351375257
Naypyitaw,Normal,3.864092472,3.09090608,1.840549633
Naypyitaw,Normal,3.63363098,2.32361246,2.32238772
Yangon,Member,4.267176793,2.083433563,2.360854001
Naypyitaw,Normal,4.431768727,1.639773112,2.00148
Naypyitaw,Normal,4.189503215,1.446801329,1.704748092
Naypyitaw,Normal,4.363862664,3.683364273,2.066862759
Mandalay,Normal,4.016563185,2.853765402,2.174751721
Naypyitaw,Member,3.968214285,2.952903058,1.704748092
Mandalay,Normal,3.488902962,1.994700313,2.261763098
Yangon,Member,4.000949215,2.984544928,1.824549292
Naypyitaw,Member,3.927699485,2.394069783,2.00148
Yangon,Normal,3.453473526,0.928416912,1.824549292
Mandalay,Member,4.075671297,1.915303655,2.292534757
Yangon,Normal,3.399863159,0.895271365,1.974081026
Naypyitaw,Member,4.604870141,3.818514202,2.041220329
Mandalay,Member,4.545632473,2.706916225,2.104134154
Naypyitaw,Member,4.405865224,1.618694934,2.302585093
Yangon,Member,4.226103552,3.547459889,1.648658626
Yangon,Member,3.681854839,2.913654163,1.648658626
Mandalay,Member,4.298645026,3.125882958,2.066862759
Naypyitaw,Member,4.487624622,3.134515476,1.686398954
Yangon,Member,4.600459106,3.419659241,1.609437912
Naypyitaw,Member,3.794589909,2.641767938,2.251291799
Yangon,Normal,4.286066244,2.464023439,2.32238772
Yangon,Member,4.528397127,1.719278378,2.379546134
Mandalay,Member,4.560068212,3.529487982,1.774952351
Mandalay,Normal,4.433788569,3.752440936,1.686398954
Mandalay,Member,4.525585707,1.71694612,2.054123734
Mandalay,Member,4.380525509,2.184702052,2.312535424
Yangon,Normal,4.12503541,1.95826212,2.272125886
Mandalay,Member,4.425804257,3.744550651,1.791759469
Yangon,Member,3.994524227,2.196668867,2.140066163
Yangon,Normal,2.57184858,0.472812182,2.219203484
Yangon,Normal,4.177306083,3.499382214,2.041220329
Yangon,Normal,4.373364224,2.545256724,1.85629799
Yangon,Member,4.439941707,2.238259882,2.079441542
Mandalay,Normal,4.6121458,2.76977226,1.740466175
Mandalay,Member,4.393337426,2.563910356,1.791759469
Mandalay,Member,4.211683055,3.533248513,1.791759469
Yangon,Normal,3.399529325,2.409868758,1.945910149
Naypyitaw,Normal,3.854393893,1.196948189,1.987874348
Mandalay,Member,2.924773185,1.687786879,2.251291799
Mandalay,Normal,3.978185208,2.181885308,2.140066163
Mandalay,Member,4.603067978,2.761180141,2.00148
Naypyitaw,Member,4.494797129,3.595118074,1.740466175
Mandalay,Member,4.03724497,1.882057107,1.945910149
Naypyitaw,Member,4.297557478,3.401464013,1.609437912
Naypyitaw,Member,2.568788134,1.389414488,1.871802177
Yangon,Member,3.013572192,2.273362234,2.272125886
Naypyitaw,Normal,4.265633258,3.093901997,2.128231706
Mandalay,Member,3.544720358,0.986376339,1.887069649
Naypyitaw,Member,2.802754137,0.935701125,1.987874348
Naypyitaw,Normal,3.248046202,2.593013391,2.091864062
Mandalay,Normal,4.33938006,2.991473217,2.174751721
Mandalay,Normal,4.039712367,2.875991072,2.388762789
Yangon,Member,4.301087692,3.621403289,2.116255515
Mandalay,Member,3.645971953,2.878861322,1.808288771
Mandalay,Member,4.113820339,2.567714761,2.341805806
Yangon,Normal,2.814809738,1.210004577,1.916922612
Naypyitaw,Normal,4.61204649,1.789172793,2.197224577
Yangon,Member,4.490320344,2.654825218,2.186051277
Yangon,Member,3.364879119,2.077251646,1.931521412
Yangon,Member,4.033355291,1.327737912,1.774952351
Mandalay,Normal,3.783507583,2.007609823,2.332143895
Naypyitaw,Member,2.898119445,1.945767282,2.186051277
Mandalay,Member,4.090169191,2.924504764,1.931521412
Naypyitaw,Member,4.478472533,3.796612154,2.388762789
Naypyitaw,Normal,4.603168183,2.386926241,2.163323026
Yangon,Normal,3.90459549,2.372670701,2.151762203
Mandalay,Member,4.073120926,2.268097163,2.163323026
Mandalay,Normal,2.942858784,1.524751104,2.00148
Naypyitaw,Member,3.885884348,2.728702141,1.686398954
Mandalay,Normal,3.728580821,1.621761662,1.62924054
Yangon,Member,4.043752776,3.367985247,1.686398954
Mandalay,Member,4.547541073,2.336019869,1.871802177
Mandalay,Normal,4.309590341,2.485864524,1.609437912
Naypyitaw,Normal,3.545009084,2.671109553,2.332143895
Yangon,Normal,3.839022113,3.167161389,1.757857918
Mandalay,Member,4.439941707,2.238259882,1.722766598
Mandalay,Member,4.175617282,3.153931888,2.116255515
Yangon,Member,4.31039636,2.753278474,1.945910149
Naypyitaw,Normal,4.093510881,3.416906675,2.208274414
Yangon,Member,3.90197267,2.744060639,2.341805806
Mandalay,Member,3.700808025,1.089907848,2.014903021
Mandalay,Normal,3.578227184,1.008140386,2.079441542
Naypyitaw,Normal,3.918402612,2.759756743,2.091864062
Yangon,Member,3.112626025,1.146767331,2.028148247
Mandalay,Member,3.18138162,2.069896129,1.774952351
Mandalay,Member,3.914021008,1.776645831,2.00148
Mandalay,Member,4.187075661,2.012633781,2.197224577
Yangon,Member,4.167595024,3.489818573,1.667706821
Naypyitaw,Member,4.302442155,2.114808686,1.960094784
Yangon,Normal,4.220977213,2.403786974,2.140066163
Naypyitaw,Member,4.265352359,3.483867404,2.041220329
Naypyitaw,Member,4.026065721,3.008845913,1.824549292
Yangon,Member,3.90459549,3.231397105,2.282382386
Naypyitaw,Member,4.309187088,3.284026659,2.351375257
Naypyitaw,Normal,3.981549068,3.205587931,2.151762203
Yangon,Member,4.481532546,3.128622836,2.028148247
Yangon,Member,3.333632062,1.85754721,2.066862759
Mandalay,Normal,4.146146061,2.598086514,1.667706821
Yangon,Member,4.256746818,3.47540773,2.174751721
Naypyitaw,Normal,4.590056548,3.907010464,2.197224577
Naypyitaw,Normal,4.117572688,3.225414402,2.360854001
Mandalay,Normal,3.506157817,1.766099722,1.667706821
Mandalay,Member,3.033509638,2.387385695,1.791759469
Mandalay,Member,4.400234854,3.616617853,2.32238772
Mandalay,Member,4.493008819,3.708081411,1.987874348
Mandalay,Normal,4.287303782,3.262682162,2.292534757
Mandalay,Normal,3.784189634,2.261763098,2.151762203
Naypyitaw,Member,4.248209487,1.492679352,1.757857918
Naypyitaw,Normal,2.810606789,1.980725569,2.312535424
Yangon,Normal,3.284663565,1.580009102,1.960094784
Yangon,Member,4.40207433,3.226288285,2.312535424
Naypyitaw,Member,4.337682821,2.779191873,2.2300144
Naypyitaw,Normal,4.364753306,3.581670008,2.104134154
Naypyitaw,Normal,2.697999865,1.978584758,1.945910149
Naypyitaw,Member,4.602165677,3.700808025,2.251291799
Yangon,Normal,3.602231647,2.294552921,2.028148247
Yangon,Member,4.283034685,3.258519525,1.704748092
Yangon,Member,2.560323289,1.026399955,2.208274414
Yangon,Normal,3.836868332,2.055020767,2.104134154
Mandalay,Member,2.916689066,1.831621003,1.960094784
Mandalay,Normal,3.279406325,2.29717046,2.091864062
Naypyitaw,Member,4.517758729,3.732501525,1.808288771
Mandalay,Normal,3.809325607,2.030513868,2.186051277
Naypyitaw,Member,3.631515137,2.629692185,2.128231706
Mandalay,Member,3.192121088,1.734836322,2.128231706
Naypyitaw,Member,3.384390263,2.517696473,2.028148247
Naypyitaw,Member,4.035478809,2.233824337,1.931521412
Mandalay,Normal,4.259011184,3.579901292,2.292534757
Naypyitaw,Normal,4.587617027,3.018080677,2.054123734
Mandalay,Member,3.973682386,2.958186157,2.332143895
Yangon,Member,3.149311361,1.698181122,1.686398954
Yangon,Normal,4.043051268,2.240709689,1.757857918
Yangon,Member,3.0301337,0.685618914,2.351375257
Mandalay,Normal,4.342245765,3.316292875,2.292534757
Mandalay,Member,4.002229273,1.304541859,2.00148
Naypyitaw,Member,4.418238017,3.737074203,1.945910149
Naypyitaw,Member,4.409155302,3.381674715,2.208274414
Naypyitaw,Normal,4.090336541,3.413784497,2.302585093
Mandalay,Member,4.527857083,3.627642145,1.945910149
Yangon,Normal,4.55345575,3.767736844,2.379546134
Naypyitaw,Normal,4.036185648,3.018642811,2.251291799
Naypyitaw,Normal,4.452368596,1.656607717,2.282382386
Yangon,Member,4.28537806,2.099611748,2.282382386
Yangon,Member,3.655581169,1.562136639,2.351375257
Naypyitaw,Member,3.486457226,2.615057334,1.887069649
Naypyitaw,Member,3.674273302,1.071926023,2.261763098
Mandalay,Member,4.193133532,3.514972396,1.824549292
Naypyitaw,Member,2.444952334,1.289921116,1.916922612
Mandalay,Member,2.587011873,1.87648351,2.197224577
Naypyitaw,Member,4.409520199,3.382031552,2.302585093
Mandalay,Member,3.149311361,1.698181122,1.62924054
Yangon,Normal,3.342154841,2.056684555,2.261763098
Yangon,Member,2.913437031,2.273156282,2.079441542
Mandalay,Normal,4.307841736,2.961140829,2.240709689
Naypyitaw,Member,4.452834525,2.619619636,2.128231706
Yangon,Normal,4.587922293,3.686777246,1.974081026
Mandalay,Member,3.60386608,2.727591356,1.774952351
Yangon,Normal,4.580057485,3.399729638,1.704748092
Yangon,Member,2.988204007,2.344206768,1.887069649
Yangon,Normal,4.032291838,2.491385616,2.197224577
Mandalay,Member,4.359269648,3.678829118,1.887069649
Mandalay,Normal,4.292238679,3.612673128,1.648658626
Yangon,Member,4.17253941,3.279105074,2.388762789
Yangon,Member,2.458733775,1.300872629,2.151762203
Yangon,Member,4.034240638,2.493205453,2.028148247
Mandalay,Normal,4.569128415,3.6682685,1.740466175
Naypyitaw,Normal,4.344584339,2.518422016,2.379546134
Mandalay,Normal,2.68716699,1.630612148,1.987874348
Mandalay,Normal,4.570992734,3.002111881,2.186051277
Yangon,Normal,2.520112906,1.488173825,2.163323026
Mandalay,Member,4.56995743,3.001117746,1.704748092
Naypyitaw,Member,4.464412748,3.435743725,2.197224577
Naypyitaw,Member,4.233961567,3.210702514,1.902107526
Naypyitaw,Normal,3.978185208,1.286750231,1.987874348
Naypyitaw,Member,4.199455047,2.023532347,1.945910149
Mandalay,Normal,3.396519792,2.105961751,2.197224577
Naypyitaw,Member,4.194340715,3.172140548,1.648658626
Mandalay,Normal,4.547329186,1.735012735,2.360854001
Naypyitaw,Member,3.267665989,1.989585213,1.960094784
Mandalay,Member,4.487174628,3.702326141,1.887069649
Naypyitaw,Normal,3.126760536,2.274185618,2.2300144
Yangon,Normal,4.561845061,2.993329389,2.174751721
Yangon,Member,3.453789832,0.928614482,1.62924054
Naypyitaw,Normal,3.806884687,2.923376611,2.282382386
Naypyitaw,Member,2.412335957,1.264126727,1.62924054
Yangon,Normal,4.325191698,3.299644423,2.302585093
Naypyitaw,Normal,4.288951455,3.393030792,1.871802177
Naypyitaw,Normal,2.484072969,1.321088951,2.332143895
Naypyitaw,Member,4.118549251,2.309610358,1.887069649
Yangon,Normal,4.092843436,3.07354943,2.370243741
Yangon,Normal,3.858833177,1.200115374,1.609437912
Naypyitaw,Member,4.242045918,2.688527535,2.32238772
Mandalay,Normal,4.58873588,3.905703077,1.774952351
Yangon,Member,4.539030383,3.508855256,2.332143895
Yangon,Normal,3.863042823,1.733600555,2.028148247
Mandalay,Normal,3.338612506,1.313185889,1.667706821
Naypyitaw,Member,4.12503541,1.397110654,1.871802177
Yangon,Member,3.238286218,2.583620123,2.208274414
Mandalay,Normal,4.540951614,1.729706745,2.379546134
Naypyitaw,Member,4.473807868,3.121152736,2.341805806
Mandalay,Normal,3.17847041,2.067242434,2.186051277
Naypyitaw,Member,3.440418095,2.571084346,1.808288771
Naypyitaw,Member,4.225226615,3.202197512,2.066862759
Yangon,Member,3.911222685,3.136884553,2.197224577
Mandalay,Member,4.33846652,3.555790821,2.197224577
Yangon,Normal,4.362716386,2.802996678,1.648658626
Yangon,Normal,4.545207845,2.333889943,2.251291799
Yangon,Normal,3.936325298,2.402068371,2.302585093
Mandalay,Normal,2.931193752,0.635253202,2.261763098
Naypyitaw,Normal,4.145987795,3.468544455,1.945910149
Mandalay,Normal,2.463853241,1.667706821,1.974081026
Yangon,Normal,3.719893508,3.050693832,1.791759469
Naypyitaw,Member,4.189200093,2.847377266,2.014903021
Yangon,Normal,4.565909472,1.750503353,1.945910149
Yangon,Member,3.904393978,3.017885078,1.791759469
Mandalay,Normal,3.992865393,3.103868932,1.791759469
Naypyitaw,Normal,3.838161157,2.82755028,2.32238772
Yangon,Normal,3.551913599,2.677728441,2.360854001
Mandalay,Member,4.576359104,3.007265509,2.240709689
Mandalay,Member,3.874528801,2.548663616,1.945910149
Mandalay,Normal,3.986944932,2.449106746,2.041220329
Yangon,Member,3.885268268,1.7523254,1.62924054
Naypyitaw,Member,2.413231613,0.41111578,1.931521412
Yangon,Normal,4.244343779,2.425377782,2.272125886
Mandalay,Member,4.11218448,3.092314371,1.704748092
Yangon,Member,3.135928904,1.686769255,2.028148247
Mandalay,Member,4.291965156,3.510036839,2.163323026
Yangon,Member,3.744314161,1.972969297,2.251291799
Naypyitaw,Normal,4.188896879,3.510798892,1.824549292
Yangon,Member,4.320417153,3.640476715,1.667706821
Yangon,Normal,2.447550863,1.653263392,2.151762203
Mandalay,Normal,4.152141661,2.603726185,2.351375257
Mandalay,Member,2.553343811,1.74745921,1.62924054
Yangon,Member,4.525044142,1.716496985,2.32238772
Mandalay,Member,3.731220295,2.724940094,1.85629799
Yangon,Normal,3.977436144,1.286197745,1.916922612
Yangon,Member,3.677312818,2.364150449,1.887069649
Mandalay,Normal,3.820565395,2.666464026,1.808288771
Naypyitaw,Normal,4.040767961,3.365051935,1.916922612
Naypyitaw,Member,3.408503957,2.278906966,1.791759469
Yangon,Normal,3.969159197,2.173728471,2.186051277
Mandalay,Normal,4.115779843,1.390037347,1.945910149
Yangon,Member,3.700560959,1.598781332,1.791759469
Naypyitaw,Member,2.764430535,0.911077165,2.292534757
Yangon,Normal,3.105483138,0.725614371,1.931521412
Yangon,Member,4.551558417,2.712506922,1.931521412
Yangon,Member,4.307572449,1.539659018,2.370243741
Naypyitaw,Normal,3.151880956,0.750944279,2.261763098
Naypyitaw,Member,4.302442155,3.520342452,1.609437912
Yangon,Normal,4.606169686,3.425239376,1.648658626
Yangon,Normal,4.318820559,1.548625773,2.32238772
Yangon,Normal,4.599956619,2.383980731,2.32238772
Naypyitaw,Normal,3.99249639,2.976371049,1.791759469
Mandalay,Normal,3.985087576,3.310360515,2.397895273
Yangon,Member,4.574195382,3.2183757,2.282382386
Mandalay,Normal,3.624607564,2.858164173,1.648658626
Mandalay,Normal,3.096482177,2.245803079,1.987874348
Yangon,Member,3.377928755,1.89641974,2.219203484
Mandalay,Normal,4.070564034,2.905643439,1.808288771
Yangon,Member,3.884240624,3.110555377,1.791759469
Naypyitaw,Member,4.469006761,1.670250752,2.079441542
Yangon,Member,2.621765833,0.822419516,2.174751721
Mandalay,Normal,2.507971923,1.804346585,1.667706821
Mandalay,Normal,3.952588967,2.937811805,2.079441542
Yangon,Member,4.389374572,2.560207363,2.028148247
Naypyitaw,Member,3.549904702,1.803605692,2.116255515
Mandalay,Member,4.516666787,3.61663129,2.014903021
Naypyitaw,Member,4.156066621,1.98540555,1.774952351
Naypyitaw,Member,3.231199575,1.536114248,1.667706821
Yangon,Normal,4.183423245,2.633182966,2.332143895
Yangon,Member,3.251149385,2.27078478,2.091864062
Naypyitaw,Normal,4.051784948,1.341558467,2.360854001
Mandalay,Member,3.110399349,2.460870072,1.974081026
Yangon,Member,4.500476115,3.322082022,2.388762789
Yangon,Member,3.190064743,1.733070473,1.931521412
Naypyitaw,Normal,4.193586397,3.299681318,1.987874348
Naypyitaw,Member,3.976873978,1.28578318,1.609437912
Mandalay,Member,3.70745584,1.094436917,1.960094784
Yangon,Normal,4.511079263,3.611134105,1.704748092
Mandalay,Member,2.57261223,1.764730797,2.261763098
Mandalay,Member,3.532517999,2.868182953,1.945910149
Naypyitaw,Member,2.414126468,1.623735217,2.351375257
Mandalay,Member,3.496204485,2.832919183,2.388762789
Yangon,Member,3.567276632,2.427100968,2.140066163
Yangon,Member,4.434856248,2.233663648,2.151762203
Yangon,Normal,3.841171264,2.830444809,1.791759469
Yangon,Member,4.487512143,1.685472599,2.041220329
Yangon,Member,4.31039636,3.630588046,2.351375257
Naypyitaw,Normal,2.579458967,1.770876258,2.054123734
Yangon,Member,4.355682659,3.675287501,1.887069649
Naypyitaw,Normal,4.438643235,3.087171334,2.104134154
Mandalay,Normal,4.076010856,3.184863922,2.208274414
Naypyitaw,Member,4.537854479,3.183145015,2.261763098
Mandalay,Normal,3.380314171,2.091246587,2.341805806
Mandalay,Member,3.940610462,2.780990826,2.292534757
Mandalay,Normal,4.606768907,3.70534318,1.648658626
Naypyitaw,Normal,4.122932019,3.102746421,1.791759469
Naypyitaw,Member,3.87681025,2.720044646,2.282382386
Naypyitaw,Member,4.461299816,3.432696049,1.840549633
Yangon,Member,3.584629433,2.819472308,1.722766598
Naypyitaw,Member,3.825157072,3.052962907,2.140066163
Mandalay,Normal,3.8495091,2.321799312,1.808288771
Yangon,Member,3.357941873,2.070968244,1.648658626
Yangon,Normal,2.528125769,1.616512826,2.208274414
Naypyitaw,Normal,4.082946517,1.921617456,1.945910149
Naypyitaw,Member,4.374246447,2.81397056,2.186051277
Naypyitaw,Normal,4.449802099,3.768268102,2.282382386
Mandalay,Normal,4.429387206,3.078233495,2.028148247
Yangon,Member,4.388753955,2.19210036,1.974081026
Mandalay,Normal,3.912222985,3.238874511,1.648658626
Mandalay,Member,3.406184923,1.68129335,2.116255515
Naypyitaw,Normal,4.045329373,2.503564832,2.261763098
Yangon,Normal,4.544570564,3.644091271,2.054123734
Yangon,Member,3.957760897,3.069725953,2.151762203
Yangon,Member,4.611152258,2.768831673,1.916922612
Naypyitaw,Normal,3.59703825,2.455048636,1.62924054
Naypyitaw,Member,3.780774719,1.145018661,2.332143895
Yangon,Normal,4.56090477,2.992426817,2.054123734
Mandalay,Normal,4.248066579,2.42882119,2.272125886
Mandalay,Member,3.305420426,1.597162882,1.987874348
Naypyitaw,Member,3.605226069,2.839400049,1.808288771
Mandalay,Normal,2.85474458,1.776815022,2.079441542
Naypyitaw,Member,2.61958322,0.821100545,1.824549292
Naypyitaw,Normal,4.432482078,3.404491949,2.028148247
Naypyitaw,Member,3.589611452,2.44806976,2.014903021
Mandalay,Normal,2.693274916,1.323354561,2.302585093
Mandalay,Member,4.492113464,1.689265212,1.824549292
Yangon,Member,3.704260556,2.935398235,2.054123734
Mandalay,Normal,4.491441421,3.706535171,2.151762203
Mandalay,Normal,3.269949095,1.261581117,2.104134154
Mandalay,Normal,4.614328124,3.433212711,2.091864062
Naypyitaw,Member,4.434974809,2.233770777,2.351375257
Yangon,Normal,4.323337638,3.643358939,1.808288771
Naypyitaw,Normal,4.175617282,3.153931888,2.151762203
Mandalay,Normal,4.161224091,2.992978485,2.379546134
Naypyitaw,Member,4.462684538,2.628862683,1.808288771
Naypyitaw,Normal,4.380650688,3.353808735,2.140066163
Yangon,Normal,4.505128832,3.151453149,2.128231706
Yangon,Member,4.533566767,2.695538927,1.648658626
Naypyitaw,Normal,4.065430552,2.900707053,1.931521412
Yangon,Normal,4.21242385,2.660539218,2.066862759
Naypyitaw,Member,4.613336749,3.826878975,2.028148247
Yangon,Normal,3.843315807,3.171364842,1.902107526
Yangon,Normal,3.94719708,2.617213334,1.840549633
Yangon,Member,2.405141681,1.510280341,1.648658626
Yangon,Normal,4.552612935,3.522175308,2.116255515
Naypyitaw,Member,4.445588116,2.243365733,1.840549633
Mandalay,Member,4.003325164,1.305355419,1.740466175
Naypyitaw,Member,3.605769547,2.297823776,2.186051277
Mandalay,Normal,3.311637305,2.448588387,2.292534757
Mandalay,Member,3.711374532,1.943979716,2.332143895
Mandalay,Member,3.131136911,1.455120552,1.740466175
Mandalay,Member,4.156536582,2.607861474,2.272125886
Naypyitaw,Member,3.092858984,1.650195905,2.151762203
Mandalay,Member,4.203348433,3.033654067,1.902107526
Yangon,Normal,3.77436884,2.766287662,2.054123734
Naypyitaw,Member,3.941387614,3.166339653,1.85629799
Mandalay,Normal,3.850573043,2.695032504,2.091864062
Naypyitaw,Normal,2.821378886,2.186051277,2.174751721
Yangon,Member,4.601764393,3.815446024,2.240709689
Naypyitaw,Member,4.532384416,1.72258801,2.379546134
Yangon,Member,3.086029912,1.127847414,2.379546134
Yangon,Normal,2.803360381,0.573800423,2.128231706
Naypyitaw,Member,4.583129055,2.742322795,2.041220329
Mandalay,Normal,3.536019607,1.466260143,2.00148
Mandalay,Normal,3.670460869,1.574225157,1.916922612
Yangon,Normal,3.535145354,2.771650783,2.104134154
Yangon,Member,4.406841191,2.576535821,2.332143895
Yangon,Normal,2.821378886,1.214912744,2.351375257
Mandalay,Member,3.569250967,2.264104106,2.302585093
Mandalay,Member,4.450035689,3.768498995,2.302585093
Mandalay,Member,3.63521493,2.63321889,2.041220329
Mandalay,Normal,4.478245492,3.449288889,1.871802177
Yangon,Normal,4.395436322,2.565872009,1.85629799
Naypyitaw,Normal,4.467401256,2.263116349,2.219203484
Mandalay,Member,3.930255774,1.790425246,2.079441542
Yangon,Normal,4.326249619,2.768329665,2.251291799
Mandalay,Member,3.317815773,2.194999882,1.774952351
Mandalay,Normal,3.275256158,0.820880547,1.808288771
Mandalay,Normal,4.230767603,1.478987483,2.014903021
Naypyitaw,Member,4.104129863,2.558621688,2.379546134
Yangon,Normal,4.08007659,2.536074936,2.240709689
Yangon,Member,4.589853482,3.80368027,2.128231706
Naypyitaw,Normal,4.614724399,3.583129974,1.960094784
Naypyitaw,Normal,4.578518155,3.54758947,1.945910149
Mandalay,Normal,4.169915749,2.828939518,2.251291799
Mandalay,Normal,2.757475084,0.906644355,1.667706821
Mandalay,Member,4.143134726,3.250374492,1.974081026
Naypyitaw,Member,4.422928626,3.741709068,1.667706821
Mandalay,Member,4.335589949,3.438750038,2.240709689
Yangon,Normal,4.052827882,2.717340248,1.704748092
Mandalay,Normal,4.351567427,3.671224519,1.945910149
Yangon,Normal,4.078045789,1.917363691,2.282382386
Mandalay,Normal,2.917230045,2.276754333,2.028148247
Naypyitaw,Member,4.126327608,1.398099407,1.931521412
Naypyitaw,Normal,3.722072421,1.104428674,1.974081026
Mandalay,Normal,4.588837531,3.905803706,1.686398954
Yangon,Member,3.491647285,0.952429778,2.163323026
Yangon,Normal,4.202002437,1.456519806,1.62924054
Yangon,Member,4.492449316,3.463201444,2.028148247
