sd_MDS1,sd_MDS2,sd_mean
0.013155294745421786,0.0058480575932775706,0.009501676169349679
0.011517060116887586,0.004679456234284961,0.008098258175586273
0.009973194736053495,0.004798820983710332,0.007386007859881914
0.010452896215508519,0.003797237060155525,0.007125066637832022
0.00956485034162559,0.0046983869598041334,0.0071316186507148615
0.010424971193184251,0.004065443692477735,0.007245207442830993
0.01002284713180186,0.004181334149128591,0.007102090640465226
0.010028399309128586,0.004870474357031339,0.007449436833079963
0.010969966101209915,0.006683920779051317,0.008826943440130616
0.009730942957436968,0.003183292052229416,0.006457117504833192
0.008789220948496403,0.0029584296464943587,0.005873825297495381
0.007702592406713409,0.00457662043839785,0.00613960642255563
0.008223444616097992,0.004001019463596042,0.006112232039847017
0.007801304703413221,0.004413726084351932,0.006107515393882577
0.01028043151144059,0.008136451719686485,0.009208441615563539
0.008708191299752527,0.004188063541873113,0.00644812742081282
0.007749709874737695,0.004218191402147719,0.005983950638442707
0.008111785788125781,0.00601237072072898,0.007062078254427381
0.007365094837666397,0.0031688253235859698,0.005266960080626184
0.007288010912820579,0.005063874415916231,0.006175942664368404
0.006453065948450435,0.0046761369969069095,0.005564601472678673
0.007318635016402087,0.003076522855109524,0.005197578935755806
0.00753569254768972,0.004588666221540952,0.006062179384615336
0.007338442620041448,0.004415836189788137,0.005877139404914793
0.006954190858643093,0.0036779533985482936,0.005316072128595693
0.008412363154627303,0.004650827716015145,0.006531595435321225
0.006567099355189315,0.0023094007435760892,0.004438250049382702
0.007062202878161873,0.004182100597552985,0.0056221517378574285
0.006574258578580915,0.002552492851478777,0.004563375715029846
0.005608486739645056,0.004566211019071247,0.005087348879358152
0.006347369941876684,0.0016048338391543612,0.0039761018905155225
0.007048655990294652,0.003829989044541184,0.0054393225174179174
0.0072055206909866654,0.0040661811968615786,0.005635850943924122
0.0049383225773533355,0.004610042194911655,0.004774182386132496
0.005867355921712718,0.0023106218414344452,0.0040889888815735815
0.005464678069342501,0.0028526597458811013,0.004158668907611801
0.005504699182415692,0.004536844176379726,0.0050207716793977085
0.0061472154963711475,0.004004289507554793,0.0050757525019629705
0.005370980180124414,0.0017151668284574402,0.003543073504290927
0.0054692227126926654,0.005075527232107461,0.005272374972400063
0.005003113254134245,0.0018219660022782084,0.0034125396282062266
0.005707656911648893,0.0024492302907095057,0.0040784436011791995
0.005771035887462919,0.003864432728539771,0.0048177343080013455
0.004858594782757101,0.0027414196179277104,0.003800007200342406
0.006041976085370447,0.0028071810672327994,0.004424578576301623
0.006082855342726211,0.0036410342358585983,0.004861944789292405
0.005087279356156705,0.004815909841975724,0.004951594599066214
0.004564798309275512,0.002365897998250004,0.0034653481537627578
0.004720734494130557,0.002699039212489408,0.0037098868533099825
0.005343217741244892,0.0025951543076703893,0.00396918602445764
0.005065975088962147,0.003724989265020997,0.004395482176991572
0.005145325412917774,0.004071831884044404,0.004608578648481089
0.005251385432810182,0.002109431737946396,0.003680408585378289
0.005269244413071944,0.003609874654590053,0.0044395595338309985
0.004863364176281977,0.005232217136763471,0.005047790656522724
0.0051877616820318355,0.0010315710062019966,0.003109666344116916
0.005289916778222494,0.0020819166926964007,0.0036859167354594473
0.005169635863639069,0.0025796255337244616,0.0038746306986817652
0.004671479203293684,0.001900845814161993,0.0032861625087278385
0.004780224891275063,0.0010510729205534472,0.002915648905914255
0.0042993847858551065,0.0015636263917309,0.002931505588793003
0.006719600643496646,0.004360395929241408,0.0055399982863690266
0.005022090022412645,0.0017354921462858456,0.0033787910843492454
0.00582715934843689,0.002479557561741453,0.004153358455089171
0.004734175756320346,0.0048384546787204425,0.004786315217520394
0.005310867961514494,0.001093932925982937,0.0032024004437487155
0.004249797289857898,0.0014883694714480076,0.0028690833806529524
0.004913252071481795,0.0026466844551135613,0.0037799682632976782
0.004474241206505848,0.0028727033808001747,0.0036734722936530113
0.004035026065476354,0.0020238657371234345,0.0030294459012998945
0.0035849804053607725,0.001312975083764485,0.0024489777445626288
0.004832099568452243,0.002689918370292999,0.003761008969372621
0.00353054351476856,0.004994215237498619,0.00426237937613359
0.005402730242465107,0.00251882076724078,0.003960775504852944
0.003921771873741807,0.004373710504302321,0.0041477411890220636
0.00487614587443072,0.0021969190714291845,0.0035365324729299524
0.005247169522530706,0.002064352058785898,0.003655760790658302
0.005262971266906322,0.004806676799011805,0.005034824032959063
0.004422787796994576,0.0018162182365252,0.003119503016759888
0.0038951654401701936,0.004833114553456806,0.004364139996813499
0.004263516904133081,0.005062536229125026,0.004663026566629053
0.003604834622946177,0.0020692930411834766,0.0028370638320648267
0.003094884509860861,0.001350105585201525,0.002222495047531193
0.004227587565805163,0.0018289500549254429,0.003028268810365303
0.004377729273286229,0.0022169951096174317,0.0032973621914518304
0.004658032167078723,0.0027249579182291356,0.0036914950426539294
0.0032674489895127288,0.0013891289624524226,0.0023282889759825755
0.0037661973586544766,0.004632227111919426,0.004199212235286951
0.0037063782719326615,0.0017736346652775163,0.002740006468605089
0.003416415840589032,0.0049744117110816196,0.004195413775835326
0.0036165859824956246,0.0031910660861472918,0.0034038260343214584
0.004048599569851313,0.0014752135201182943,0.0027619065449848035
0.0037895782510538748,0.001998245540096592,0.0028939118955752336
0.005272297129070669,0.004993130749703522,0.005132713939387095
0.003763157433019503,0.004991892892003771,0.004377525162511637
0.004197954841820576,0.004203059997338442,0.004200507419579509
0.004110622588866721,0.002169378631990576,0.003140000610428649
0.0037218116637111396,0.004368652690115554,0.004045232176913347
0.00364033593335796,0.002549768472406062,0.003095052202882011
0.003993310245604088,0.0009932320318556983,0.002493271138729893
0.00426755670578091,0.0023227559507622256,0.0032951563282715675
0.002925983109677988,0.004732008709098731,0.0038289959093883597
0.0041398010688560236,0.0028351410691722723,0.003487471069014148
0.0039743341026916975,0.004781861428094547,0.004378097765393122
0.0038991499910043833,0.005711024575301993,0.004805087283153188
0.003180985960029465,0.0023264384262806966,0.0027537121931550806
0.0034474723569770677,0.005107436523802761,0.004277454440389914
0.0035593276672998436,0.002279845571592593,0.0029195866194462183
0.0043843226602102445,0.001769587490298853,0.003076955075254549
0.0036769733256628774,0.002338205417231032,0.0030075893714469545
0.0040152557681177765,0.001846376010747608,0.0029308158894326922
0.0036960481043601164,0.002020028072886316,0.002858038088623216
0.003849262139359536,0.002060700614559964,0.00295498137695975
0.0034666788792917,0.002959234900229038,0.003212956889760369
0.003224891275859582,0.001644091343054597,0.0024344913094570893
0.0031004883933695633,0.00535104859698074,0.004225768495175151
0.0036240634038694312,0.0023012851660840976,0.0029626742849767646
0.003129220841896121,0.005168849206191928,0.004149035024044024
0.0033140770536822656,0.0012729120275949727,0.002293494540638619
0.0032886124587226786,0.0010255894039620623,0.0021571009313423703
0.0032019297970749335,0.0021623092546842297,0.0026821195258795814
0.0030630462688405885,0.0028150518459808455,0.002939049057410717
0.003193822739971845,0.0018255360262097388,0.0025096793830907916
0.005125959985767397,0.006188343689570604,0.005657151837669001
0.00220299432843605,0.00586166571961095,0.0040323300240235
0.001979596035756632,0.005457507522107014,0.003718551778931823
0.003734846741302946,0.0026812936844871457,0.0032080702128950457
0.0035855484668916135,0.002296777891736219,0.0029411631793139163
0.0032544982668181732,0.0014189313689826678,0.0023367148179004203
0.0024582503125275762,0.0010681281632604913,0.0017631892378940338
0.004610446587342075,0.0033611184296339592,0.0039857825084880175
0.003152721984927237,0.0015809914116418598,0.0023668566982845483
0.003946216856816284,0.0009950918215791188,0.0024706543391977017
0.0029512695580250626,0.0018734298508623149,0.0024123497044436885
0.004076950619261205,0.004000107383845904,0.004038529001553555
0.0034070357002262165,0.0015182677203682163,0.0024626517102972166
0.002452909015592544,0.0051664754321446744,0.0038096922238686094
0.0030065774628919573,0.0019844831375202088,0.0024955303002060832
0.0038103033090084474,0.0020872397286244766,0.0029487715188164622
0.002803968573441517,0.002117268464963229,0.002460618519202373
0.0027795328548083204,0.0028054617035527347,0.0027924972791805273
0.0031149576820802775,0.0019659555475159893,0.0025404566147981334
0.002632954738873534,0.0056539986220068205,0.004143476680440177
0.0029836862402281873,0.006755817500904441,0.004869751870566314
0.003653261381496836,0.0018017461292227407,0.0027275037553597882
0.002182704681846211,0.004412776283402471,0.003297740482624341
0.0025913790545760555,0.005404922619870094,0.0039981508372230745
0.003232913610319349,0.0013910039800557248,0.0023119587951875367
0.0029945372712944823,0.0014898934904841628,0.0022422153808893223
0.0030970755436523015,0.0009645466468080381,0.0020308110952301697
0.0033310758437227507,0.005420681886842291,0.004375878865282521
0.0029562121711576646,0.004666479399814027,0.0038113457854858455
0.0024873030816812214,0.004820457564444542,0.0036538803230628815
0.00294641914534208,0.006000621994529155,0.004473520569935618
0.003018234226971839,0.0020445700125184168,0.002531402119745128
0.0025214472091800535,0.001326881378041525,0.0019241642936107892
0.00390237958206704,0.002900082202648134,0.003401230892357587
0.0042063438016224485,0.002532105591367737,0.003369224696495093
0.0026330444280742603,0.0014567699462479306,0.0020449071871610955
0.0029901446633383228,0.0018266851426630257,0.0024084149030006744
0.0026871750049682923,0.0009765300515626633,0.0018318525282654777
0.0029667242405844473,0.002097928877703541,0.0025323265591439942
0.0031640951311447544,0.0028170809245063964,0.0029905880278255754
0.0023627997732764156,0.0050360812583682725,0.003699440515822344
0.0036688288988090427,0.0022293210451651054,0.002949074971987074
0.0029155217018927313,0.0019228115069686983,0.002419166604430715
0.0024854158882753235,0.002647752116967768,0.0025665840026215456
0.0033881042744776245,0.0017993350696643403,0.0025937196720709826
0.0030905405794539155,0.0017215754886353045,0.00240605803404461
0.0035179313661110397,0.005478392218945761,0.0044981617925284
0.0028695715811275784,0.005108483410698704,0.003989027495913141
0.002418395446778522,0.0009117508612448737,0.001665073154011698
0.002794005811298543,0.005316398272597648,0.004055202041948096
0.0029928684390666477,0.0057156851697571205,0.004354276804411884
0.0026850832004515755,0.005629619016842471,0.004157351108647023
0.003115510782485199,0.0018372544490546576,0.002476382615769928
0.0028142515467546687,0.001614969383658048,0.0022146104652063583
0.0031197997973113458,0.002539862403757228,0.002829831100534287
0.0035856305298622364,0.007594066462553532,0.005589848496207884
0.002081074944203409,0.0010831166176339085,0.0015820957809186587
0.003752625130418507,0.0016982810480072044,0.002725453089212856
0.003240908427785678,0.005091021857268869,0.004165965142527274
0.002594158485781706,0.0014835581644366245,0.0020388583251091654
0.0020702512628308447,0.006074645242594024,0.0040724482527124345
0.0037593512947977146,0.0019467038559045611,0.002853027575351138
0.0016111200290895476,0.0056049712889817815,0.0036080456590356644
0.002792163126791548,0.0023942482450135948,0.002593205685902571
0.0026532168526492875,0.004989572508949643,0.003821394680799465
0.002875860836723056,0.003981145682427096,0.003428503259575076
0.0032964481088888116,0.005416142680205888,0.004356295394547349
0.002348254433048534,0.003346726659723619,0.0028474905463860764
0.0032897209502614467,0.002507746426771105,0.002898733688516276
0.0027291143759669173,0.002458587569118379,0.002593850972542648
0.0030098108588177785,0.0015772964493605188,0.0022935536540891486
0.0024078763293876614,0.0016291986175973239,0.0020185374734924925
0.0022317794050018642,0.0010878114668308654,0.0016597954359163648
0.0025711530604812364,0.0010116634694818743,0.0017914082649815553
0.0027940094607130177,0.0015310818084942324,0.002162545634603625
0.0029363785123694658,0.0025790114529223467,0.0027576949826459063
0.003145738293120435,0.0023879692736834325,0.0027668537834019337
0.002643230183278594,0.001981690024513364,0.002312460103895979
0.002405162328963697,0.0023066703893462707,0.002355916359154984
0.002686013332919848,0.0019330224952414533,0.0023095179140806507
0.0020374925774524206,0.0011140637606068117,0.0015757781690296162
0.002066069250147892,0.0010972661310116104,0.001581667690579751
0.004122791791097696,0.00366328861077853,0.003893040200938113
0.0030538302829200433,0.002291382982108232,0.0026726066325141375
0.003027586701006217,0.002317623838534533,0.002672605269770375
0.002893278386098376,0.001245216834091284,0.00206924761009483
0.0029701708442023637,0.003402838189420529,0.0031865045168114462
0.002539454948627177,0.0028189881999277633,0.00267922157427747
0.0023319641875720483,0.005676546388909406,0.004004255288240727
0.002301527933085701,0.0007119778005808545,0.0015067528668332778
0.0024694620211651794,0.0014478312440533423,0.0019586466326092606
0.002424919238645613,0.0011142234681132423,0.0017695713533794277
0.0019508925215929957,0.0007095151240206051,0.0013302038228068004
0.0020354922162621218,0.005433503343572877,0.0037344977799174993
0.0033045249244920095,0.0024939255580381644,0.002899225241265087
0.0024746642034869093,0.00517241252097028,0.003823538362228595
0.0023217085476067126,0.005529326737392811,0.003925517642499762
0.002519609703661878,0.0008578165835209889,0.0016887131435914333
0.0029682420155448678,0.0031531751552450137,0.0030607085853949405
0.003764254604648031,0.0018844345827514052,0.002824344593699718
0.0024143423007822735,0.0012501386519621557,0.0018322404763722146
0.0025691361936003294,0.0006714873648042408,0.001620311779202285
0.00298895529179097,0.0015530511606189764,0.0022710032262049733
0.0033472141985613703,0.0018250154263212183,0.0025861148124412944
0.0044134805700744295,0.0028420332457779677,0.003627756907926199
0.002452898911704297,0.005497060088509865,0.003974979500107081
0.0017708994633446622,0.0013272016616686759,0.001549050562506669
0.002208963177586465,0.0015312752406273888,0.001870119209106927
0.002706897489477744,0.0023266210710499095,0.002516759280263827
0.00292866331936988,0.006210570655612784,0.004569616987491332
0.0021460885362416704,0.0007391031940805137,0.0014425958651610921
0.0023473793092690584,0.0013456266560674087,0.0018465029826682335
0.0022098164822115765,0.004713193242681125,0.003461504862446351
0.0019770246903336075,0.0006366499396452356,0.0013068373149894216
0.0029505967198931752,0.0028592434583350765,0.002904920089114126
0.002306936732008982,0.0012664541942485688,0.0017866954631287754
0.004430230212498909,0.006132594974053813,0.005281412593276361
0.002157552945304322,0.0006869386918821569,0.0014222458185932394
0.0022554865033615618,0.0015582785054626277,0.0019068825044120947
0.0020668256758683513,0.0007843776072890724,0.001425601641578712
0.0020975618694168384,0.0020750198975171396,0.002086290883466989
0.0023855648604466924,0.001696477585429867,0.0020410212229382795
0.001921351912254085,0.0009168826544992604,0.0014191172833766727
0.0019317848693770475,0.0009761672050074539,0.0014539760371922506
0.0025099853373415338,0.002066991996214404,0.0022884886667779688
0.0018066142756457935,0.001706806607433125,0.0017567104415394594
0.0013314463583396314,0.0014919573900023207,0.001411701874170976
0.002268607091921095,0.0005024381012348608,0.001385522596577978
0.002712992811676734,0.0009398149252937534,0.0018264038684852437
0.0025567742812650993,0.0015482379791310823,0.002052506130198091
0.0018782005779306302,0.005823974642670834,0.0038510876103007323
0.005993881065270851,0.00749599506057618,0.006744938062923515
0.0021318954061656063,0.004428701574554489,0.0032802984903600478
0.0028067796541876434,0.0012176509733284049,0.0020122153137580243
0.0016712200042747446,0.001984319708229397,0.001827769856252071
0.0013390790485891427,0.005875511783711959,0.0036072954161505506
0.0018424662357762022,0.0020052896331236914,0.0019238779344499467
0.0019430734531591552,0.0007627940685385968,0.001352933760848876
0.0020369769657677616,0.001428838834593655,0.0017329079001807083
0.0024569952644968016,0.0022848591151152825,0.002370927189806042
0.0019947275105141795,0.0014127359732400372,0.0017037317418771084
0.001847002041834171,0.005850095780329055,0.003848548911081613
0.002085274591280061,0.00522581337508498,0.0036555439831825205
0.0015595546062092873,0.0061342250779525135,0.0038468898420809003
0.001970105125047183,0.005780258798051345,0.003875181961549264
0.0018753701753551793,0.006217271182164396,0.004046320678759788
0.0030368985912447516,0.0012332317950089267,0.0021350651931268394
0.0027148785994580015,0.0023600221521133,0.002537450375785651
0.0024474256632286665,0.002209872230697654,0.0023286489469631602
0.0015528023169865063,0.001122233421575193,0.0013375178692808496
0.00221638825447902,0.005927655901354124,0.004072022077916572
0.0017866357409375652,0.005389544957633293,0.003588090349285429
0.0017436807481622542,0.004872781403268864,0.0033082310757155593
0.001810056222228927,0.005732621555318768,0.0037713388887738474
0.0017644401191607116,0.001440162451391346,0.001602301285276029
0.0016845956965031814,0.006576137372132485,0.004130366534317833
0.0012145640668139318,0.005376405173182185,0.003295484619998058
0.0015196149885299266,0.0060027727795940065,0.0037611938840619663
0.0023498370216879106,0.0023010147146363003,0.0023254258681621055
0.002556060762704416,0.004956073929326205,0.0037560673460153102
0.0013451210821481929,0.0007350061955141544,0.0010400636388311736
0.0013117788939178592,0.0006645846837856536,0.0009881817888517564
0.001036368649423022,0.001176288657400716,0.001106328653411869
0.0018120158647553714,0.0004413885834705422,0.0011267022241129568
0.001397475427425313,0.001291913993509772,0.0013446947104675424
0.0017228188801266557,0.0013880077829866687,0.0015554133315566622
0.002251988614806336,0.0010927861247105933,0.0016723873697584647
0.0014831760825871796,0.001019252769324827,0.0012512144259560032
0.0020764261528417637,0.002296826780622596,0.00218662646673218
0.001668331263083817,0.0033835182530076104,0.0025259247580457136
0.002192836790284815,0.005679956452516388,0.003936396621400601
0.0017008718189741904,0.000745678772202986,0.0012232752955885881
0.0015812721062384975,0.0011569790030286345,0.001369125554633566
0.0016342148610805783,0.001288446054797975,0.0014613304579392766
0.002030792445851386,0.0014392324455594278,0.001735012445705407
0.001760824695382564,0.005579131898170874,0.003669978296776719
0.0017644460081038251,0.005855888052055074,0.0038101670300794495
0.0021718491366408584,0.0011016213511735931,0.0016367352439072259
0.0016992173764991288,0.0054656079117902665,0.0035824126441446977
0.0020622241197307645,0.002719633012222973,0.0023909285659768687
0.003951765010392726,0.0033188715811846895,0.003635318295788708
0.0016158470825757044,0.005340089754451465,0.0034779684185135846
0.0020161826566351742,0.00594286470459374,0.003979523680614458
0.0019011552279620946,0.006018380833003034,0.003959768030482564
0.0027199137946394497,0.0014792403998152976,0.0020995770972273738
0.0019396584547377205,0.0055145018008621585,0.0037270801277999397
0.0016579859368573476,0.0025486409755982055,0.002103313456227777
0.0017259116421829168,0.001190959478090508,0.0014584355601367123
0.001977815227429287,0.001155306696595813,0.0015665609620125502
0.0023541833860775564,0.0023135839020364487,0.0023338836440570023
0.0018252734430044143,0.0045420827311191715,0.003183678087061793
0.0016443675046839373,0.0016073090177735195,0.0016258382612287284
0.001967878350205687,0.0020977841848603285,0.0020328312675330076
0.0021435025244244685,0.0008565177008669274,0.0015000101126456979
0.002077810199851096,0.0009134140086802065,0.0014956121042656511
0.0014032137985442719,0.0012784963949181178,0.0013408550967311948
0.0008751759165192633,0.00046444223782227,0.0006698090771707667
0.0008739540023412535,0.001150859262517126,0.0010124066324291897
0.0013394440300031724,0.0018993078982597954,0.001619375964131484
0.0012889141541286763,0.0013350482931509206,0.0013119812236397983
0.0018808619310129817,0.0025010282926874465,0.002190945111850214
0.0022903861276433474,0.005455467771535744,0.0038729269495895455
0.0017104343517980322,0.006151835422859595,0.003931134887328814
0.0018842341970560397,0.0018995601912382425,0.001891897194147141
0.0014968560559502212,0.0011884776978197975,0.0013426668768850092
0.0016406728611563493,0.0017374582908923836,0.0016890655760243665
0.004607941717596677,0.005594481031380389,0.0051012113744885335
0.0030490275873757723,0.0017358289263785566,0.0023924282568771643
0.002567441719356734,0.0017430655634585062,0.00215525364140762
0.002419318724405766,0.0025310612550721034,0.002475189989738935
0.0005935652640107909,0.0005105845480940761,0.0005520749060524334
0.0034327644263704225,0.005200962969309698,0.004316863697840061
0.0013107829045317944,0.0011913505945198427,0.0012510667495258185
0.0015820834836156258,0.0015080084957527907,0.0015450459896842084
0.0017914485707734937,0.0016224990047984025,0.001706973787785948
0.0016108407817019398,0.0006649487792427763,0.0011378947804723582
0.001743750076025548,0.0017159017079207705,0.0017298258919731593
0.0019717886725130235,0.002200323428494306,0.002086056050503665
0.0017402214831559813,0.005311367980402644,0.0035257947317793126
0.0013633743987761678,0.0016393723891116505,0.001501373393943909
0.0017120490210101042,0.005863162750273091,0.0037876058856415977
0.0018100922615449145,0.0016193300866765652,0.00171471117411074
0.0018408856402630934,0.005315139363883262,0.0035780125020731775
0.0020898636507142767,0.0016616003765568916,0.0018757320136355842
0.0012491842967854187,0.0012767241758923369,0.0012629542363388779
0.0017424022141795505,0.0022694039612421108,0.0020059030877108306
0.0015752200660475054,0.0012414892106251281,0.0014083546383363166
0.0016044548648567278,0.0022884989292929698,0.0019464768970748488
0.0011137333372996155,0.005053943764631389,0.0030838385509655026
0.002772865484006333,0.0024568208690583515,0.002614843176532342
0.001179043135385026,0.005681663317381395,0.0034303532263832105
0.0016862917368981188,0.004650098038067781,0.00316819488748295
0.0012834442247401856,0.0008742671196247097,0.0010788556721824476
0.001435164424845081,0.001834875061708703,0.001635019743276892
0.0016963861158334024,0.0025279066190259285,0.0021121463674296653
0.0009004038043648599,0.0022956051068888234,0.0015980044556268417
0.0016652185995039235,0.0007846686369511211,0.0012249436182275222
0.001479641272985481,0.006034359632721895,0.003757000452853688
0.0011029594515711897,0.0015303391163551648,0.0013166492839631772
0.0010666656409686161,0.000954965157401783,0.0010108153991851996
0.0014607827035488206,0.005559556800799937,0.003510169752174379
0.0013594729059921249,0.0006537357709625024,0.0010066043384773136
0.0010941324764971846,0.005644732636308627,0.003369432556402906
0.0016128811548978565,0.0013663984756609147,0.0014896398152793857
0.0006621957373789212,0.002502033283470682,0.0015821145104248017
0.0015697839077163161,0.0016251984868062466,0.0015974911972612815
0.0012593075907971745,0.0020270330600167747,0.0016431703254069746
0.0007706348254385589,0.000681000641368815,0.000725817733403687
0.0013144873462682253,0.0013109395806807896,0.0013127134634745075
0.0015080103609411161,0.0060721973890365336,0.003790103874988825
0.0015334637753742686,0.004553925514141628,0.0030436946447579484
0.0015761887083438366,0.0057830588379318435,0.00367962377313784
0.0015432032270032738,0.005632533562232522,0.003587868394617898
0.0013361361307398715,0.000858978823434579,0.0010975574770872253
0.001166834987747763,0.0011729252405259347,0.0011698801141368487
0.000563677020700429,0.0007510138268132939,0.0006573454237568613
0.002492620938564072,0.0021198626562975507,0.002306241797430811
0.0007795566525293329,0.0011626415761930237,0.0009710991143611783
0.0017670570899581087,0.0024688935755513603,0.0021179753327547346
0.0015876456219044834,0.0011158777827279809,0.001351761702316232
0.0014349814243479106,0.0019810957091692056,0.001708038566758558
0.0019359922439370857,0.0019983886941406567,0.0019671904690388713
0.0016225354388061865,0.0025702526558894225,0.0020963940473478046
0.002029236219442742,0.0029256204194185132,0.0024774283194306276
0.001298772951705485,0.0009141609930215915,0.0011064669723635382
0.0011000693162508631,0.0007498089618262069,0.0009249391390385351
0.0017808170113521261,0.0012149990297374567,0.0014979080205447914
0.0019819496769825267,0.005320062331048623,0.003651006004015575
0.001770474656870849,0.0011289879614899637,0.0014497313091804062
0.0013529100642678622,0.0005885020230539098,0.000970706043660886
0.0016493145012360737,0.004544983480483969,0.0030971489908600217
0.0006852915324535145,0.0007296080385240868,0.0007074497854888007
0.0022813858985334945,0.0025965762867598123,0.002438981092646653
0.0016085686219699156,0.005397047725353456,0.003502808173661686
0.001202865288868389,0.0057577670059496084,0.003480316147408999
0.0014934999507352775,0.005327393172820607,0.0034104465617779424
0.001414996982694835,0.0007230107843768862,0.0010690038835358606
0.0013306099658664612,0.0020047182931233302,0.0016676641294948958
0.0008566803869253359,0.0010763206839086465,0.0009665005354169913
0.0016218880425579198,0.002083826794086474,0.001852857418322197
0.0013041821464301,0.0022303462102752536,0.0017672641783526768
0.0010218191689320415,0.001553629322174102,0.0012877242455530719
0.002976046021621062,0.005386280063963195,0.004181163042792129
0.0006183608432314954,0.0013105117135312856,0.0009644362783813905
0.0018342194229770809,0.0033005087310567583,0.0025673640770169197
0.000940161755038269,0.0012704765222518845,0.0011053191386450768
0.001034484133679584,0.001164959313949856,0.00109972172381472
0.0009323350460213402,0.0011946850348427767,0.0010635100404320585
0.0011550122381093198,0.0022949955703128757,0.0017250039042110976
0.0015000966262029122,0.00610579846502724,0.003802947545615076
0.0015742239573262905,0.00563390902139802,0.0036040664893621554
0.0023634699536332804,0.004918363612592809,0.003640916783113045
0.0011616940760665706,0.005618982163151995,0.003390338119609283
0.0008286723650454392,0.001624916608201651,0.001226794486623545
0.0013995570888352426,0.0011070771366172353,0.0012533171127262388
0.0008378694060540098,0.0013163550125943053,0.0010771122093241577
0.0006027745822980284,0.0010204753280616014,0.000811624955179815
0.0016828129895857485,0.002011520225482917,0.0018471666075343329
0.0006162538216884651,0.0017526488471190107,0.0011844513344037378
0.0020842553115148488,0.005841990482568976,0.0039631228970419125
0.0018591340956690993,0.0024422558272759647,0.002150694961472532
0.0012564727945059827,0.000513920408328801,0.0008851966014173918
0.0018870754414947307,0.0011604698848595512,0.0015237726631771409
0.0012642700868481067,0.005771613430203252,0.003517941758525679
0.0009273248422721747,0.0006744245731445533,0.000800874707708364
0.0017066842808797697,0.0012121778717957773,0.0014594310763377735
0.001374795431960629,0.0016119094599122365,0.0014933524459364326
0.002588249329089798,0.005500392680870154,0.0040443210049799765
0.0011911136180167313,0.002730219644148797,0.001960666631082764
0.000926467182358809,0.0023212691473860126,0.0016238681648724107
0.0010230644176918956,0.0012849215563492879,0.0011539929870205917
0.001181811712954122,0.0014116793631486478,0.0012967455380513849
0.0012862928373301465,0.0018454110244420798,0.001565851930886113
0.0014437557121625257,0.0015286113319099976,0.0014861835220362617
0.0012761631242409906,0.0008186172886851927,0.0010473902064630917
0.002162719123245752,0.003021896996719064,0.002592308059982408
0.0015828879727554418,0.0030907348433419205,0.002336811408048681
0.0005535295968041682,0.0011351728185677293,0.0008443512076859488
0.00043158378333689847,0.0005100279387691432,0.0004708058610530208
0.0008974463333231539,0.0017193656894707037,0.0013084060113969288
0.0008449375869268251,0.0012441494439351314,0.0010445435154309783
0.0013954708672886905,0.002255094476296902,0.0018252826717927964
0.0009138103737603177,0.0014954679251295566,0.001204639149444937
0.0012526456558208604,0.0012801674329665637,0.001266406544393712
0.0007641816077803259,0.0009508680950604027,0.0008575248514203642
0.0009786303816923666,0.0010622168713868734,0.00102042362653962
0.0013130221580017498,0.006200744905663764,0.0037568835318327566
0.0010222420210371332,0.001260335718286455,0.0011412888696617943
0.0012119099664911132,0.002114754180558408,0.0016633320735247605
0.0039545306989340594,0.0049625929882822365,0.004458561843608148
0.0011898753535888639,0.0021232740888875805,0.0016565747212382222
0.0013243211712820444,0.0027571970837121135,0.002040759127497079
0.001258275953764566,0.006711990148890302,0.003985133051327434
0.0014622633262828643,0.0011875940625499495,0.001324928694416407
0.0010365323294334076,0.001323133529723187,0.0011798329295782972
0.0006432249189630405,0.0004947993453077022,0.0005690121321353714
0.0013120191467203585,0.0012191687470463775,0.001265593946883368
0.0007683161544387234,0.0012250104908971605,0.000996663322667942
0.0011391161693184416,0.0009866532289354727,0.0010628846991269571
0.0007202174165842377,0.0017861996390062733,0.0012532085277952554
0.0012164437953432333,0.0014296220273909554,0.0013230329113670942
0.0008575188157755164,0.0013601465107836372,0.0011088326632795768
0.0013948719587722471,0.002269029476341225,0.001831950717556736
0.0009903584812568844,0.0028882146467789174,0.0019392865640179009
0.0019084749351535974,0.0011634088536821273,0.0015359418944178623
0.0008072551703944726,0.0019328735022925813,0.001370064336343527
0.0011776238805451624,0.0012460125106569062,0.0012118181956010344
0.0010955899770249838,0.001367308119822134,0.001231449048423559
0.0016078999034899908,0.002212790128485794,0.0019103450159878924
0.0009649708034505009,0.0016975114078867405,0.0013312411056686207
0.002275245313073828,0.004950374689938423,0.0036128100015061252
0.0010749550255276246,0.0019970700636868476,0.001536012544607236
0.0016076152848815393,0.004095820304977047,0.002851717794929293
0.0028094242135122713,0.004193860865978788,0.0035016425397455296
0.0029655666362427423,0.005280407904573846,0.0041229872704082945
0.0011746802235356904,0.004876840627912073,0.003025760425723882
0.0017107894076818005,0.005799111325448449,0.0037549503665651246
0.0009128302341968768,0.0010963823253908344,0.0010046062797938555
0.0015442782108290069,0.0062548875415308364,0.0038995828761799215
0.0010154691741881639,0.005141002985714739,0.0030782360799514515
0.00127158844632739,0.0011914493318418823,0.0012315188890846362
0.0016482503773025626,0.005267718706724927,0.003457984542013745
0.0007439900329363797,0.0006806872139015023,0.000712338623418941
0.001516583272382825,0.0014284753258841287,0.0014725292991334769
0.0012288973507973303,0.0015348378737070369,0.0013818676122521836
0.0017930822906074416,0.0009037729464852895,0.0013484276185463655
0.0008320490585038664,0.0007495391416964351,0.0007907941001001508
0.0014549145298916313,0.006650153574461656,0.004052534052176643
0.0007497894204908842,0.001613819238400772,0.001181804329445828
0.0017483524772809894,0.006307437505850778,0.004027894991565884
0.0017269404396649218,0.0007503729487816633,0.0012386566942232924
0.0012539205870521638,0.006229184133977488,0.003741552360514826
0.0017174337919553836,0.004743027494413778,0.003230230643184581
0.0013983426269586242,0.005853137620542421,0.0036257401237505225
0.0007493894287914675,0.00119785100513655,0.0009736202169640087
0.0007034506992444339,0.001292379058030703,0.0009979148786375684
0.0009013480582802787,0.001638119935886597,0.0012697339970834378
0.0008329630991396977,0.0019479607538482962,0.001390461926493997
0.0007105438923616486,0.0013107785025047195,0.001010661197433184
0.0012498060510927772,0.00610355862721884,0.003676682339155808
0.0006634988196465454,0.0014371237035320874,0.0010503112615893164
0.0006177096116271353,0.0014570595381237512,0.0010373845748754432
0.0005885711582871812,0.001242485264188705,0.000915528211237943
0.0014897631603374185,0.004972301884065645,0.0032310325222015316
0.0020896536664162615,0.0007359385957575702,0.0014127961310869159
0.0009795852924344842,0.002201401221514005,0.0015904932569742445
0.001455272390766003,0.004687394655309633,0.003071333523037818
0.0006315718376266912,0.0008595996517625373,0.0007455857446946143
0.000724876576923737,0.0013127477395997373,0.001018812158261737
0.0009970195371637636,0.0018465689477666185,0.001421794242465191
0.0012255036118551455,0.0012549359913115866,0.001240219801583366
0.0013318178735059391,0.0038094967287089537,0.0025706573011074463
0.0014790657650602574,0.0011372537030507604,0.0013081597340555088
0.0014629113644688428,0.005941446623376569,0.003702178993922706
0.0005355071266099776,0.0008997006023771648,0.0007176038644935712
0.0007861615922793539,0.0009998062784987956,0.0008929839353890748
0.001238131889450009,0.002550940571924594,0.0018945362306873013
0.0007869466103585142,0.0011916095289445133,0.0009892780696515138
0.0012259791839884374,0.0046148152269355125,0.002920397205461975
0.0011385441963107648,0.006055580120298754,0.0035970621583047593
0.0008037286768418756,0.0011539082233834508,0.000978818450112663
0.0013291218746243074,0.0008010147436017458,0.0010650683091130266
0.001150140928291588,0.001806331216501582,0.001478236072396585
0.0022139263333398294,0.01034060698584816,0.006277266659593995
0.001311949678171552,0.0009515040933845672,0.0011317268857780596
0.0023436580801083407,0.005515140283564925,0.003929399181836633
0.0013865007708982254,0.005130678325129115,0.00325858954801367
0.0010080483552652043,0.0019391205510490158,0.00147358445315711
0.003143602967177829,0.004480734405696622,0.0038121686864372255
0.001652721198075072,0.006322962738452299,0.003987841968263685
0.0012639598177350245,0.004619037118395102,0.002941498468065063
0.001838632862975295,0.0046403756937774395,0.0032395042783763674
0.0009585072790993214,0.0013218166830696247,0.001140161981084473
0.0006099834381429446,0.0009369735994135686,0.0007734785187782567
0.0012462567247257972,0.005503459462719358,0.0033748580937225776
0.0016386245682207072,0.005538961110164926,0.0035887928391928167
0.0009739938741849884,0.0013694615578264562,0.0011717277160057224
0.0015118412512637692,0.005505055206322403,0.003508448228793086
0.0007005144389322187,0.0026144057214245657,0.001657460080178392
0.0011495539872380118,0.0018683862692715164,0.0015089701282547641
0.0005934931429744744,0.0009248501144343293,0.0007591716287044018
0.0008828374263734435,0.0025705784838673086,0.001726707955120376
0.0010144619441989555,0.002140552550815258,0.0015775072475071067
0.0006399753091736238,0.0005894900430885955,0.0006147326761311096
0.0010023814089477065,0.001091716768700172,0.0010470490888239393
0.000550224727593802,0.000742144855413495,0.0006461847915036485
0.0011741511573866324,0.0012602076098969363,0.0012171793836417842
0.0015262043032264905,0.006174846462461489,0.0038505253828439896
0.0006612324689252565,0.0017109536953806145,0.0011860930821529355
0.0011738373748512697,0.0014316021096464192,0.0013027197422488443
0.0006508060888551238,0.0006582235213418465,0.0006545148050984852
0.001668503343998345,0.006194228308619347,0.003931365826308846
0.002111232856079758,0.0034866540562899146,0.0027989434561848364
0.0009858970926562409,0.0005249467830848863,0.0007554219378705636
0.0012034621478349097,0.0038464168269778548,0.002524939487406382
0.0015558233518239903,0.005763024907035166,0.0036594241294295783
0.0005871721673829976,0.0009263188590817918,0.0007567455132323947
0.0005130279154306271,0.0011445373916429337,0.0008287826535367804
0.0007571806908840255,0.0013887119595649572,0.0010729463252244914
0.0014667385742484424,0.0060027857291763045,0.0037347621517123735
0.0030991905085795625,0.005771842957354524,0.004435516732967043
0.0005437586277015187,0.0009078526664723644,0.0007258056470869415
0.00048425889943961794,0.0010996242726306917,0.0007919415860351549
0.0005024174057642894,0.002003450862213028,0.0012529341339886585
0.001725057337709846,0.004326957943726317,0.0030260076407180817
0.0013579383559379598,0.006365623163262291,0.0038617807596001254
0.000764146322070513,0.001137748778283341,0.000950947550176927
0.0014438780262144419,0.006212175145557464,0.003828026585885953
0.0007214793231768844,0.0013424617385188258,0.0010319705308478551
0.0006543370858209783,0.0011233393743995104,0.0008888382301102443
0.0007366504703012421,0.0020307402180092323,0.0013836953441552372
0.0005403518387586611,0.001854794394938132,0.0011975731168483966
0.001183221785183985,0.0013800598826216723,0.0012816408339028286
0.0008128199328691859,0.001162315366274672,0.000987567649571929
0.0012642482431982074,0.00525036755842838,0.0032573079008132934
0.0005514636312813308,0.0007079352431028478,0.0006296994371920892
0.0006557623947453698,0.0014140986040518397,0.0010349304993986048
0.0005768639773929131,0.0010185379188442328,0.000797700948118573
0.0006533008295418636,0.0005776025709178994,0.0006154517002298815
0.0005434394114038738,0.0008069407308718344,0.0006751900711378541
0.00047949077134599945,0.0015497614399933106,0.0010146261056696551
0.0006507670264706483,0.001840610723536438,0.0012456888750035431
0.0009283352356639001,0.00577286659992611,0.0033506009177950054
0.001128910557228918,0.005411027767724742,0.00326996916247683
0.0007585937532564355,0.0008587234937348467,0.000808658623495641
0.0005502596721281949,0.0007160667847936169,0.000633163228460906
0.0006411465346240749,0.0011563571508686151,0.0008987518427463451
0.0006639532310678895,0.000492066223139561,0.0005780097271037253
0.0005710258589067345,0.0013346579186035933,0.0009528418887551639
0.001297096031248021,0.0049608705217567255,0.003128983276502373
0.0007000669079546866,0.0019894576316921734,0.00134476226982343
0.000624044519665613,0.0024338348866453315,0.0015289397031554722
0.0005442727689339622,0.0019074270633469288,0.0012258499161404454
0.000617359087842722,0.0011967454501854147,0.0009070522690140684
0.0023039413087958165,0.0021308232418656295,0.002217382275330723
0.001010892716297082,0.0011218199052835042,0.001066356310790293
0.0007520969217632195,0.0017607324138037364,0.001256414667783478
0.0006294286487780701,0.002191931630205086,0.001410680139491578
0.004428043179861044,0.012598205816180173,0.008513124498020608
0.001086822942638358,0.003546772628370556,0.002316797785504457
0.0008597191668137973,0.001424393461772764,0.0011420563142932807
0.0008633743735639331,0.00247341495038944,0.0016683946619766867
0.0011590924780556673,0.0051760439031088784,0.003167568190582273
0.0011650551077618746,0.004559568327303669,0.002862311717532772
0.001672193941967158,0.006424674973732101,0.00404843445784963
0.0006146510290520311,0.0013555635911286883,0.0009851073100903597
0.000765226623406456,0.0025666192648428066,0.0016659229441246314
0.0011216598913071998,0.004493548968689099,0.0028076044299981495
0.0010059676080259275,0.0015771451801204778,0.0012915563940732026
0.0012786361560834054,0.005984816501737946,0.0036317263289106757
0.0014499868955719101,0.0057192721834516715,0.003584629539511791
0.0005304160389742888,0.0014845627310551752,0.001007489385014732
0.0005677503687449295,0.001861443081695476,0.0012145967252202028
0.0006223375111963739,0.0018761983640190917,0.0012492679376077329
0.0018949850818423648,0.0008851689935228725,0.0013900770376826187
0.0005486916109105248,0.0014341951030513917,0.0009914433569809583
0.0005938400632256522,0.0017045330525574996,0.001149186557891576
0.0005987626412736866,0.0012080273790906328,0.0009033950101821597
0.000542117623370232,0.0011308039875652545,0.0008364608054677433
0.0011117701127933226,0.0015178344176907841,0.0013148022652420535
0.002526525543960561,0.0042343839998601465,0.003380454771910354
0.0005454854059874624,0.001030152285258412,0.0007878188456229372
0.0022879577787484036,0.004335980403098989,0.003311969090923696
0.0005680854445269674,0.001415505358379126,0.0009917954014530468
0.0006384509479543103,0.0019708672515214346,0.0013046590997378724
0.0005281830219591065,0.0010210290540824977,0.0007746060380208022
0.0009867305104950472,0.0027349083712688207,0.001860819440881934
0.0013446232690757438,0.006170109303609844,0.003757366286342794
0.0010751492270772672,0.0007136599181948839,0.0008944045726360756
0.001368222653120699,0.007457810114430684,0.004413016383775691
0.0009122654333374256,0.000753722505461302,0.0008329939693993638
0.0005894500982842578,0.0012180230352134842,0.000903736566748871
0.0006141400161703607,0.0008761771756201968,0.0007451585958952788
0.004887448268843915,0.0024611185625402895,0.0036742834156921022
0.0018293635949079138,0.006328192065358592,0.0040787778301332525
0.0008584178506529439,0.0026907573721332086,0.0017745876113930761
0.0007474437913725941,0.002050058192089863,0.0013987509917312286
0.0007192075578185967,0.001660516427196187,0.0011898619925073918
0.0006479409677879979,0.0015610083370307286,0.0011044746524093633
0.0005683663883581446,0.002168995939259164,0.0013686811638086542
0.0006821513770359161,0.0018685469628129134,0.0012753491699244147
0.0010827147811986585,0.006112458050693658,0.0035975864159461584
0.0014256674590633514,0.006090107705924913,0.0037578875824941325
0.0005159104157546961,0.0009941132768353257,0.0007550118462950109
0.001270241718472404,0.0015626772491126332,0.0014164594837925188
0.0005299071271460945,0.0010199016788822821,0.0007749044030141883
0.0005448822185869883,0.0010216065270450326,0.0007832443728160105
0.0009035672722249965,0.0020838616875089944,0.0014937144798669955
0.0006057614749782465,0.0009517349018606408,0.0007787481884194437
0.0017414511823149157,0.006393091592373715,0.004067271387344315
0.0006127546155774716,0.0011683818164434012,0.0008905682160104363
0.0005998237683333485,0.001661049972867702,0.0011304368706005251
0.0005665714247299024,0.0009204427866839709,0.0007435071057069367
0.0007727699595099912,0.0005320137230931742,0.0006523918413015826
0.0007950460217083343,0.0017581899266366982,0.0012766179741725164
0.0005495984323977304,0.001003099396932417,0.0007763489146650737
0.0007720082467224187,0.0017611518427394276,0.0012665800447309232
0.0012323280386263835,0.0014169117797692456,0.0013246199091978147
0.0016124162844799472,0.00550016507427922,0.003556290679379584
0.0006717634093683373,0.001455010783377341,0.0010633870963728392
0.0006681529821860446,0.001586052222484685,0.0011271026023353648
0.0005113454582029316,0.0010689040693812044,0.000790124763792068
0.0007356428098949786,0.0013433978547228314,0.001039520332308905
0.0006573414531191756,0.002444138922530092,0.0015507401878246338
0.0008098144205517204,0.0019301826018001407,0.0013699985111759305
0.0007534867143159767,0.0015937093633019797,0.0011735980388089783
0.0005465599204870994,0.0009958295139932327,0.000771194717240166
0.0013629045574689977,0.004208581543307381,0.0027857430503881895
0.000670983862346181,0.0015201557647812522,0.0010955698135637166
0.001079243354949185,0.0016775070504140485,0.0013783752026816168
0.0009157053968364619,0.005198514501712023,0.0030571099492742422
0.0008111110381308087,0.0017518243100511078,0.0012814676740909583
0.0009547109174859673,0.0011354734745710117,0.0010450921960284895
0.0009940526745660695,0.0021822640780950813,0.0015881583763305753
0.0009036011594185959,0.0017832498399126535,0.0013434254996656247
0.0015383235813220442,0.0009124330692881381,0.001225378325305091
0.0020251366860869657,0.003476303452460383,0.0027507200692736744
0.0007893407764797828,0.0009048345655981411,0.000847087671038962
0.0013631183640709758,0.0016887237964419313,0.0015259210802564536
0.000881954426374488,0.002221299259700156,0.001551626843037322
0.001528625691362431,0.006292814411976755,0.0039107200516695926
0.0006862789670964711,0.0009680647483015476,0.0008271718576990093
0.0007088508398526861,0.001319145967201025,0.0010139984035268555
0.0005286493558874595,0.0017702421650014036,0.0011494457604444316
0.001106336138656036,0.005810144521145248,0.003458240329900642
0.0029300897575023754,0.005703005154088126,0.004316547455795251
0.0007916352237455728,0.00222548072209673,0.0015085579729211514
0.0005729308516102474,0.0008483314355571337,0.0007106311435836905
0.0006282223839808402,0.0010871476277881965,0.0008576850058845183
0.0006833949349150224,0.0016385106284871789,0.0011609527817011006
0.0005920755431207391,0.0021762185470542207,0.0013841470450874798
0.0005305063191826604,0.00283581936618832,0.0016831628426854902
0.0012783747911946188,0.0022695402956193753,0.001773957543406997
0.0006629857596333672,0.0012346244715434748,0.000948805115588421
0.0008746942246954891,0.002812085780322999,0.001843390002509244
0.0011550562182923306,0.0011147639961825704,0.0011349101072374505
0.0006924734123020558,0.002362538097480367,0.0015275057548912114
0.0008317242667285447,0.0022414471652978806,0.0015365857160132127
0.0014880582897618237,0.0058562675007169315,0.0036721628952393775
0.0005771050572886563,0.0013623975933152255,0.0009697513253019409
0.00211904925427088,0.006637627727982509,0.004378338491126694
0.001153676616940851,0.004058197789959155,0.002605937203450003
0.0010092192749277696,0.0010960591291018335,0.0010526392020148016
0.0006219801043012563,0.0011540138462943896,0.0008879969752978229
0.0007300198987020083,0.0011473477373154831,0.0009386838180087456
0.0006416208889846441,0.0012897922585921836,0.0009657065737884139
0.0006084660692670496,0.0007583812993831157,0.0006834236843250826
0.0014263163031740327,0.005413171162381719,0.003419743732777876
0.0006565792146728922,0.001801758708226781,0.0012291689614498365
0.003633962709232484,0.0019757497905013937,0.002804856249866939
0.000626423556106217,0.0011478613078384683,0.0008871424319723427
0.0015023005664388783,0.0009160763893539015,0.00120918847789639
0.0008090034800108547,0.002051370294147695,0.001430186887079275
0.005722929436094471,0.01388237133325936,0.009802650384676915
0.0008938607174521728,0.0028479439732068397,0.0018709023453295061
0.0007414286369930072,0.0013425709351492382,0.0010419997860711227
0.0009077670864011569,0.001372393863865837,0.001140080475133497
0.0006398001541674356,0.0012670430761239344,0.000953421615145685
0.0005239875241094162,0.0013183861587269955,0.0009211868414182058
0.0004864385924713074,0.0017218549005450648,0.001104146746508186
0.0013999881030790978,0.005786283097420263,0.0035931356002496806
0.0006461683107622755,0.0019876209414109937,0.0013168946260866347
0.001006315686639452,0.0057881345769971535,0.0033972251318183026
0.0008918053517891093,0.0012266570520200726,0.001059231201904591
0.0010493734425538418,0.004452750343261671,0.0027510618929077564
0.000823796152419252,0.0023986077080426307,0.0016112019302309414
0.0005474878325380928,0.001094735600973206,0.0008211117167556494
0.0006760622221859492,0.0017676920455003422,0.0012218771338431457
0.0007603495288495983,0.001994514598157931,0.0013774320635037646
0.0008066345115510345,0.0012695109144388566,0.0010380727129949455
0.0012790650533663875,0.005258983350854682,0.0032690242021105346
0.0012688312611127412,0.0006500768378223195,0.0009594540494675303
0.005955211604286574,0.002693422207556121,0.004324316905921347
0.000938961309168252,0.0013531961268846418,0.001146078718026447
0.0013771884326331365,0.005431890521031206,0.0034045394768321712
0.002691921425265327,0.004450059429290733,0.0035709904272780302
0.000813286463851489,0.00131852830222483,0.0010659073830381594
0.0008724274582722929,0.002029061588652876,0.0014507445234625844
0.0007080843950577852,0.0016517525559081936,0.0011799184754829894
0.0005608088161005658,0.0012618847615382676,0.0009113467888194166
0.0006182152519524874,0.0017050062864064567,0.001161610769179472
0.002127630987837181,0.006198015214423583,0.004162823101130382
0.0008571197208175785,0.003979239798434393,0.0024181797596259857
0.001043343924041156,0.0010990520673047617,0.0010711979956729589
0.0007457223699485517,0.0020370477638001023,0.001391385066874327
0.0007278107852987452,0.0020281036186554397,0.0013779572019770924
0.001606974742504521,0.005061973872909929,0.003334474307707225
0.00089034926932269,0.0014102837518322206,0.0011503165105774553
0.0009819835457701405,0.0010797351059423782,0.0010308593258562594
0.0005924871684882529,0.0018426047780224898,0.0012175459732553713
0.0008617120421672639,0.0011069448961056022,0.000984328469136433
0.0007648405774833164,0.0015901314862230378,0.0011774860318531772
0.0012897612485592539,0.008270661738356257,0.004780211493457755
0.0009040114794040281,0.0014048799774957527,0.0011544457284498903
0.001298272240818086,0.0011960844486972092,0.0012471783447576476
0.0010537908591340744,0.0007560727970631638,0.0009049318280986191
0.0007474648232774174,0.0021863995603552443,0.0014669321918163308
0.0011885384378642104,0.00163899546824361,0.0014137669530539102
0.002064037016335431,0.006696365400245511,0.004380201208290471
0.0015156099879135262,0.001979861684113819,0.0017477358360136726
0.0009732284964008563,0.0010650536643989354,0.0010191410803998958
0.0010013284428355388,0.0010289904827083347,0.0010151594627719367
0.0006859004483573017,0.0018023939398874571,0.0012441471941223793
0.0008648263635283697,0.0021953487222220154,0.0015300875428751926
0.0006578521301665834,0.0017069871917057694,0.0011824196609361763
0.0010319731330758984,0.0008456402504113033,0.0009388066917436009
0.0006048169014630673,0.0012222255743538305,0.0009135212379084488
0.0014501005709564693,0.005787886946080537,0.0036189937585185033
0.002712298019383082,0.006915999062230022,0.004814148540806552
0.0012894698774259914,0.003787605859719741,0.002538537868572866
0.0008322478530880498,0.0032531610170510603,0.0020427044350695553
0.0011467674446311651,0.001854626062103702,0.0015006967533674337
0.0009583155197850713,0.001436333422503239,0.001197324471144155
0.0008855371666617102,0.0011119632004657032,0.0009987501835637066
0.0007712243634784546,0.003724295929755955,0.0022477601466172046
0.0009837889688901831,0.00643955594107993,0.0037116724549850566
0.0010202898569390722,0.0012830987982484876,0.0011516943275937798
0.0016772680485852643,0.006655760862423754,0.004166514455504509
0.0017759090019417462,0.00613057670039057,0.0039532428511661576
0.0010012575082011508,0.0017474964138731606,0.0013743769610371557
0.0007108491031988565,0.001991720244345709,0.0013512846737722827
0.0008144284275802423,0.00096243148213287,0.0008884299548565562
0.000797655101323365,0.0011687436100927759,0.0009831993557080703
0.0006591906191876891,0.0013467667843989595,0.0010029787017933243
0.0007284438126164721,0.0025694219262034795,0.0016489328694099757
0.0010187760511787684,0.002136293591803219,0.0015775348214909935
0.0012691179324336554,0.0014417156869651266,0.001355416809699391
0.0006550617930400317,0.0021486053491271946,0.0014018335710836132
0.0015204442535621367,0.0012728374837186398,0.0013966408686403881
0.0010695148103005317,0.0018046760490132972,0.0014370954296569144
0.0006975291978216882,0.0012185735459784286,0.0009580513719000584
0.0013303213109362828,0.00170708107976488,0.0015187011953505815
0.0012173395556604653,0.0009307060598660097,0.0010740228077632376
0.0015710895195413307,0.0013453166343228345,0.0014582030769320826
0.0011057404199349722,0.002244092308847967,0.0016749163643914697
0.0011585360545075488,0.001699500540725468,0.0014290182976165085
0.0016312487777467878,0.0019122226652402827,0.0017717357214935352
0.0010886658920917216,0.0022141117464192124,0.001651388819255467
0.002077292906864681,0.0013395695421580314,0.0017084312245113564
0.0006623582499486247,0.0013376542624067929,0.0010000062561777087
0.001340136891093044,0.00062612828186997,0.0009831325864815069
0.0008351142543709511,0.0010624111011790403,0.0009487626777749958
0.000816453037398195,0.0011502363817550761,0.0009833447095766354
0.0010331523470663178,0.0017627275727052551,0.0013979399598857865
0.0010387782850739154,0.0017223209721655495,0.0013805496286197325
0.0015289690397435806,0.001799398046308846,0.0016641835430262135
0.0012049743241023686,0.0019904324078531647,0.0015977033659777666
0.0013936761372180014,0.001268002743191207,0.0013308394402046042
0.0008888296861368405,0.000820227054474329,0.0008545283703055848
0.0012978599330733486,0.0016790038995945474,0.001488431916333948
0.0010305785262688647,0.0056226618393627895,0.0033266201828158273
0.0030120598946946735,0.002577506655326442,0.0027947832750105576
0.0013947655903945699,0.0013353162044869075,0.0013650408974407386
0.001364533669016337,0.0013553684776031788,0.0013599510733097579
0.0008852679294958326,0.001844512501411395,0.0013648902154536138
0.0017674468271009808,0.001250035595829095,0.0015087412114650378
0.0009658784920763522,0.0031809438898881067,0.0020734111909822294
0.0017224793544251753,0.0018774285751111497,0.0017999539647681625
0.0012623415805880932,0.0015197406033636866,0.00139104109197589
0.0007657358135812283,0.0016730557204269099,0.001219395767004069
0.0021434657051472316,0.006503744018344164,0.004323604861745698
0.0015669207645270754,0.0013918303241118551,0.0014793755443194652
0.0006827806497749028,0.0012117901161716365,0.0009472853829732696
0.001340106948497854,0.001430354531450162,0.0013852307399740082
0.0009321809605588096,0.0022061625162660145,0.001569171738412412
0.0015919736568357598,0.0030495108534414764,0.0023207422551386183
0.0017235947498119672,0.001827729271800118,0.0017756620108060426
0.0012423959960689028,0.002225787013975992,0.0017340915050224476
0.0011404229644795688,0.002005757408128133,0.001573090186303851
0.001644176307149373,0.0009960353255164362,0.0013201058163329047
0.0016601931725968848,0.0012461406271143786,0.0014531668998556317
0.002103665397856606,0.005645275653290283,0.0038744705255734447
0.0013886631148590323,0.0014178649229721887,0.0014032640189156104
0.0028827547622032328,0.0015880071416555055,0.002235380951929369
0.001118855046181375,0.0007374364431435807,0.0009281457446624777
0.0035692437850090705,0.00584824809189908,0.004708745938454075
0.0038479339060990703,0.006727602398250117,0.005287768152174594
0.0017868911626369953,0.005360078250125957,0.0035734847063814764
0.0014816826369686595,0.0016742921064025788,0.0015779873716856192
0.0014884009573413474,0.0018921240157146555,0.0016902624865280016
0.0009001607039112497,0.0014987120265464282,0.0011994363652288388
0.0024787373531928434,0.006438620280996604,0.004458678817094724
0.0012742800458493894,0.0013534683342692798,0.0013138741900593346
0.001242984967935337,0.002493710022473328,0.0018683474952043326
0.0011137340063627362,0.0008014837550862591,0.0009576088807244977
0.0014751216722592815,0.0012668447914417642,0.0013709832318505228
0.0016843605531802507,0.0014125077996890406,0.0015484341764346455
0.002450645600506169,0.006771560369487038,0.004611102984996603
0.0033820388555013243,0.00469431693652501,0.004038177896013167
0.0020195166442340054,0.005446640020688368,0.0037330783324611865
0.0017380941108334005,0.004321507590632714,0.0030298008507330574
0.0014070382320386483,0.0018764133079550139,0.0016417257699968312
0.0017727954249141314,0.0015668061072916864,0.001669800766102909
0.0018952633940042174,0.0037564269295692052,0.002825845161786711
0.0021278288892306835,0.0033533177622259267,0.002740573325728305
0.001146201057685029,0.005034866321426717,0.003090533689555873
0.0013372512548797944,0.0013234463398361413,0.0013303487973579677
0.0034031541825340185,0.0017449743117549882,0.0025740642471445033
0.001423616927980905,0.0018054219517528315,0.0016145194398668682
0.0009955966326473165,0.0014929483337898573,0.001244272483218587
0.00163845367148923,0.0026216170046978685,0.0021300353380935494
0.0017209262013199106,0.002427430239544607,0.0020741782204322587
0.0013063728330176133,0.0015460145770983505,0.001426193705057982
0.001964816232405804,0.0019233944683719507,0.0019441053503888774
0.0016517502876057448,0.0014273413348567866,0.0015395458112312656
0.0021331636567274437,0.007035378951193481,0.004584271303960462
0.0012849649476920012,0.0020016024613101423,0.0016432837045010718
0.0017419353234488263,0.0012178500873852504,0.0014798927054170384
0.0023256588705711286,0.0012676204470096777,0.0017966396587904031
0.0018834478706648272,0.0016580047363210575,0.0017707263034929424
0.001239570701482252,0.0013687231266737445,0.0013041469140779981
0.002252081099666322,0.00444586474226257,0.0033489729209644457
0.001521434404374646,0.0009041277076573151,0.0012127810560159805
0.002430146736028058,0.00640221193519501,0.004416179335611534
0.0019844678470794974,0.005000970447536597,0.003492719147308047
0.0018680089445896404,0.0017474606297084982,0.0018077347871490693
0.0015238642379428195,0.0019373655087007815,0.0017306148733218004
0.0019264099680156097,0.0011730565684824137,0.0015497332682490117
0.0022370443300733546,0.0015206889763283906,0.0018788666532008726
0.001976287593781883,0.001505760975077535,0.0017410242844297088
0.003121395083437054,0.0012414603111305762,0.002181427697283815
0.0013366250535659454,0.0050382600566174955,0.0031874425550917204
0.0009692401428838584,0.0013744391816447466,0.0011718396622643025
0.001490484594381855,0.0014714061297543862,0.0014809453620681207
0.0024041467946362537,0.0019594623491575236,0.0021818045718968886
0.0009085590269368529,0.0015458667078301542,0.0012272128673835037
0.0012718058430190569,0.004136296464680166,0.0027040511538496117
0.0021729930461713005,0.0008849679189422106,0.0015289804825567555
0.0012451103543444995,0.0013406318111921054,0.0012928710827683023
0.00230903913976389,0.001641264557081919,0.0019751518484229045
0.0013225537695574802,0.0016419562077847065,0.0014822549886710935
0.0010503962401628639,0.0014108166547681556,0.0012306064474655097
0.002064168341287456,0.0012096067525267234,0.0016368875469070898
0.002359671180909961,0.0017514542404747848,0.002055562710692373
0.0022338282203795586,0.001328838733741053,0.0017813334770603057
0.0007955942180923076,0.0023389453668541302,0.001567269792473219
0.0016533475289105617,0.0018001896458796347,0.0017267685873950983
0.0020909523755930164,0.002182616522041925,0.0021367844488174707
0.001048823493516787,0.0059540572422411946,0.003501440367878991
0.001689463248966165,0.0016090490896193883,0.0016492561692927766
0.0019219453808927776,0.0015382882006110571,0.0017301167907519174
0.0012942598290171076,0.0031175583937458674,0.0022059091113814876
0.0022277372826634972,0.0013084156155014235,0.0017680764490824604
0.0014898751928243451,0.006110710778911484,0.0038002929858679145
0.0022686819073957617,0.0045506269693459025,0.003409654438370832
0.002354168562777812,0.005819189901452162,0.004086679232114987
0.0026346721053406835,0.0072242280785381145,0.004929450091939399
0.0018271198267448554,0.0014223803295498683,0.0016247500781473617
0.0015726700148862526,0.0015626685636592407,0.0015676692892727466
0.0018681569507146114,0.001513906300883534,0.0016910316257990727
0.0016144275135437831,0.0015986628379144766,0.0016065451757291298
0.0015765247724744815,0.0016867958467181921,0.001631660309596337
0.0032135994687375346,0.00582496988761654,0.004519284678177037
0.0014164272115917526,0.0020047394929295207,0.0017105833522606368
0.002584921022231777,0.0015728715678293588,0.002078896295030568
0.0019316959816940086,0.00209705660576597,0.002014376293729989
0.0009625865169485067,0.0026662908470756947,0.0018144386820121007
0.0005884732811915634,0.005244042458436697,0.0029162578698141302
0.0017795859000695944,0.001239728070625068,0.0015096569853473311
0.0019421158828345445,0.0015080826338266667,0.0017250992583306055
0.0018234019856026053,0.002015404233369169,0.0019194031094858872
0.0014909593807700596,0.0017463691722679176,0.0016186642765189886
0.0013290547723594903,0.0019071881860408745,0.0016181214792001823
0.0013903404754778406,0.0015096463416818503,0.0014499934085798454
0.0014306193849480434,0.00249055025328912,0.0019605848191185816
0.0013005079470846473,0.0015855417298410405,0.0014430248384628439
0.002008076385471522,0.001309907714463738,0.00165899204996763
0.0018873174140438425,0.0016995252612306596,0.001793421337637251
0.0018574101514859276,0.0019673769994987054,0.0019123935754923166
0.0024486727848789325,0.002882622083059654,0.002665647433969293
0.0017929226656843117,0.006208855107899902,0.004000888886792107
0.002260051633449854,0.0013817146349962503,0.001820883134223052
0.003001805486409066,0.0014793501481330268,0.0022405778172710465
0.0017782422087902002,0.0025097684747565616,0.002144005341773381
0.0018799620442081,0.0015397712112664192,0.0017098666277372597
0.0009786566607590957,0.0025249355505186258,0.0017517961056388608
0.0021000932309043724,0.0022476735228411297,0.002173883376872751
0.0023546571926583012,0.0059189048154584265,0.004136781004058364
0.0016744558243542143,0.0012614504033722253,0.0014679531138632198
0.0020910091418078116,0.005617388942367839,0.0038541990420878254
0.00181931399359427,0.0012236933712539038,0.0015215036824240869
0.0016989274493965935,0.0016545980137452104,0.001676762731570902
0.0018900623350837696,0.002246976778072332,0.002068519556578051
0.001548657144846347,0.0019467542732724914,0.0017477057090594193
0.0010802950457238923,0.0016947155440564519,0.001387505294890172
0.0012618039076856698,0.0038288612906270192,0.0025453325991563443
0.003162786187640727,0.006683427428091106,0.0049231068078659165
0.0024991267372595316,0.006436758283591861,0.004467942510425696
0.002050153473704531,0.0012107492969471957,0.0016304513853258634
0.0025371653475583286,0.0014383252167702986,0.0019877452821643136
0.0021016313987245066,0.0014804154186489648,0.0017910234086867356
0.002564243648961109,0.0015585512831965346,0.0020613974660788218
0.00213459383134689,0.0017745614821909465,0.001954577656768918
0.0016471914136301068,0.0028247530469804423,0.0022359722303052746
0.001982115532792473,0.0021958605026952908,0.002088988017743882
0.002423408504498021,0.0015776530701464462,0.002000530787322234
0.0019312300300379955,0.002515045953255708,0.0022231379916468515
0.002562622761743683,0.0014205065690721039,0.001991564665407893
0.0010489767986090733,0.003781602601802861,0.002415289700205967
0.002362945081446504,0.003331246520539685,0.0028470958009930948
0.0023011576745174097,0.006036958535767792,0.004169058105142601
0.0023873118995294037,0.0013384423045945733,0.0018628771020619884
0.003181211057581068,0.0018663653234858564,0.002523788190533462
0.002477914588424095,0.0013364722019819349,0.001907193395203015
0.002745763566120835,0.0021138489162577127,0.002429806241189274
0.0018951381629838905,0.0017544594939626248,0.0018247988284732578
0.0021047559139874324,0.0021861264869499435,0.002145441200468688
0.0019045927129268726,0.001613523588830507,0.0017590581508786897
0.0022918561998971124,0.0012272745616023597,0.001759565380749736
0.0025865399087776496,0.001660535226934713,0.0021235375678561813
0.0017708701492349852,0.0021981876523987907,0.001984528900816888
0.00198258681710144,0.0019924665461002107,0.001987526681600825
0.002911936802507415,0.0022487062460451014,0.0025803215242762583
0.0022270423994255125,0.001830214772874984,0.0020286285861502483
0.002437109897677559,0.00442346789729037,0.0034302888974839644
0.0029252015169392905,0.0019857800968506485,0.0024554908068949695
0.0021017291288694994,0.0019271284339289348,0.002014428781399217
0.002252919816130293,0.0016985175127324135,0.0019757186644313533
0.0024254312955113155,0.0015297538290692603,0.001977592562290288
0.0031045851190552778,0.0022321209776100586,0.002668353048332668
0.0020429623047442252,0.0019306844767286438,0.0019868233907364345
0.0022721822377212274,0.0015515879896494153,0.0019118851136853215
0.0010395776368366178,0.004868329277395717,0.0029539534571161674
0.0027555051851144664,0.0013289576558609363,0.0020422314204877013
0.0010854316462809775,0.0041659401357228626,0.00262568589100192
0.0023103293925830115,0.0016473432840432727,0.001978836338313142
0.0032693482558706615,0.006348678798147045,0.004809013527008853
0.0020381091532530654,0.002598872540690449,0.002318490846971757
0.00212568852217165,0.002334088160243099,0.002229888341207374
0.0025214389285305398,0.010061443683139607,0.0062914413058350735
0.002241940110076538,0.0026808680761078517,0.002461404093092195
0.0022822705194747873,0.001997953049603911,0.0021401117845393494
0.0027776695374924056,0.0017066755106629442,0.002242172524077675
0.0026726823700133446,0.001487549205954787,0.0020801157879840656
0.003128308425728173,0.003512948907476085,0.003320628666602129
0.0033067802340183364,0.001822292045909193,0.0025645361399637646
0.0032773661172059284,0.006880795800421459,0.005079080958813693
0.003512578445587917,0.00169824831540398,0.0026054133804959486
0.003238309625119847,0.0018260159797276168,0.0025321628024237318
0.0011964146525700755,0.004876085646329129,0.003036250149449602
0.003159058927127128,0.0013149638283407763,0.0022370113777339523
0.0029683795909278034,0.0017264784685570563,0.0023474290297424297
0.0025532093499677716,0.0018942382415300077,0.00222372379574889
0.0030984549482645724,0.002398193195875701,0.0027483240720701367
0.002781381449625094,0.002066175903765662,0.0024237786766953782
0.0030747475700557505,0.0015022475340917634,0.002288497552073757
0.0030454430585832746,0.0015255526984363351,0.002285497878509805
0.0030882040243122907,0.004686285042880861,0.003887244533596576
0.002763346725718499,0.0018300069207111873,0.002296676823214843
0.0022159534825191927,0.007317461194206374,0.004766707338362783
0.0036199789255042737,0.005762533093222316,0.004691256009363295
0.0010296861527821152,0.0036562241182808903,0.0023429551355315026
0.0009221056340427859,0.0009291148178866695,0.0009256102259647277
0.0025825504041443537,0.0013783647355569736,0.0019804575698506638
0.004724485801524572,0.006963599547559761,0.005844042674542167
0.003221402144971209,0.00138875310360381,0.0023050776242875097
0.002852673591228387,0.0016334162561499937,0.0022430449236891903
0.0025810086484105107,0.002094011954362218,0.0023375103013863643
0.001331700900465917,0.001488171456921389,0.0014099361786936528
0.0027730425630573233,0.0018488526332859515,0.0023109475981716375
0.0027536335863212686,0.001444124931343452,0.00209887925883236
0.0030254393949661136,0.001974750419572177,0.0025000949072691452
0.0026792151845338673,0.0015214209879328793,0.002100318086233373
0.001972568650331548,0.0018759672221640247,0.0019242679362477862
0.0028286932318862647,0.0016546210260871392,0.0022416571289867017
0.002644177713677828,0.0023006313057201463,0.002472404509698987
0.0022175429478670547,0.005244701645403043,0.003731122296635049
0.003527971821573146,0.006624024715397121,0.005075998268485133
0.0028162328156543263,0.0016966904369433758,0.002256461626298851
0.00350658530522238,0.0024210458305582733,0.0029638155678903266
0.0027744645784756215,0.0015427186941428498,0.002158591636309236
0.002910711025029528,0.002822975541701519,0.0028668432833655233
0.0025181978652419677,0.0014756344005156746,0.0019969161328788213
0.003390213504113868,0.006426267782859354,0.004908240643486611
0.0034535008224591815,0.0065995554842332585,0.00502652815334622
0.003898569221067411,0.0065319631291353335,0.005215266175101372
0.0032859146870428575,0.002032994997542591,0.002659454842292724
0.003089026040482236,0.00194233038795393,0.002515678214218083
0.003413220201593938,0.0017859535321480015,0.0025995868668709696
0.003244556961437891,0.001652956041805797,0.002448756501621844
0.0035893455572748615,0.0021151497080840907,0.002852247632679476
0.002970013469289115,0.002314599841868844,0.0026423066555789796
0.0030505040450710895,0.001972631068855876,0.002511567556963483
0.0014809658626461174,0.0016454505826181203,0.0015632082226321189
0.00277022407616512,0.0022962319125415464,0.002533227994353333
0.002277205028898061,0.002224672004898911,0.002250938516898486
0.004551072184215314,0.00708011821194039,0.0058155951980778525
0.0023901889440946364,0.0025260105610532147,0.0024580997525739255
0.002871457297438347,0.0013691945856227285,0.0021203259415305377
0.0031126959387816327,0.010927919712564658,0.007020307825673145
0.0030519970315434435,0.001990549297909489,0.002521273164726466
0.0031961395405432067,0.0021855996673557808,0.002690869603949494
0.0022968064569562955,0.009914999499050833,0.006105902978003564
0.004181460588297172,0.002378803874213929,0.0032801322312555506
0.002650684274247774,0.0022977544441361887,0.0024742193591919814
0.0030210535293610946,0.002298325913213154,0.0026596897212871244
0.0030908220836677125,0.004852386000244292,0.003971604041956002
0.0029342324565682166,0.0012113926460051952,0.002072812551286706
0.0038964683906797188,0.0015290754119373071,0.002712771901308513
0.003889698615097055,0.0019639089873194843,0.0029268038012082694
0.003428210543765367,0.005774313210634664,0.0046012618772000155
0.0041037196521898625,0.001621978704566682,0.002862849178378272
0.004074601456275321,0.0022026998581290134,0.0031386506572021675
0.0008368135924448406,0.006983938808673606,0.003910376200559223
0.004736295891302256,0.006869476330951797,0.005802886111127026
0.004315467592262012,0.0069090982188369735,0.005612282905549493
0.003633651814107722,0.0016234855347818284,0.002628568674444775
0.0033116467979651862,0.0015929160727690347,0.0024522814353671106
0.003453345839428946,0.0020095643108054293,0.0027314550751171875
0.0033145470715482445,0.0012114832470324138,0.0022630151592903294
0.0037977004052488486,0.005534459419076147,0.004666079912162498
0.0043439226576541335,0.0019328947351343346,0.003138408696394234
0.0023300954175512916,0.0013537470816858657,0.0018419212496185787
0.0027232562779881298,0.0034439986890933104,0.00308362748354072
0.003352944207575569,0.002377042742763796,0.002864993475169683
0.003302728707968663,0.0029097014906805416,0.003106215099324602
0.003882702095836534,0.0016194580566097376,0.002751080076223136
0.003106279436132093,0.0030185878676607884,0.0030624336518964407
0.004223773070372346,0.0068390549286233195,0.005531413999497832
0.0033335141292175343,0.0042222207958162615,0.003777867462516898
0.0032357457178042717,0.0020288874846559005,0.002632316601230086
0.004690727143050358,0.0020883530158823257,0.0033895400794663414
0.00401139858608748,0.002008985065347039,0.0030101918257172595
0.003969908021187467,0.002559606820928128,0.003264757421057797
0.0041954625607851315,0.0021616662216692954,0.0031785643912272134
0.0037610492509525598,0.0021556577544280787,0.0029583535026903194
0.003535257579260825,0.0018391358714205045,0.002687196725340665
0.004191339746582897,0.0020053700517175714,0.003098354899150234
0.0041529295636886015,0.0020072674596832017,0.003080098511685902
0.0031884065344558576,0.0016687954582379268,0.002428600996346892
0.00158115701952391,0.001156820997908382,0.001368989008716146
0.0033132912121121233,0.0024825007475613426,0.0028978959798367327
0.004277512703761448,0.0018701711848109776,0.003073841944286213
0.004571973102389185,0.0019240074514668341,0.0032479902769280092
0.003779225138689286,0.0019007418775858402,0.002839983508137563
0.004548569104876281,0.007394402538463301,0.005971485821669792
0.004396108525030594,0.001939582509591288,0.003167845517310941
0.001638368614790343,0.0034804764570404816,0.0025594225359154123
0.0020894766107128243,0.0056501143339790965,0.0038697954723459606
0.003848245871608954,0.002009375794707343,0.002928810833158149
0.004109477340648303,0.00223941923341388,0.0031744482870310915
0.0033538088871565078,0.002780642994608925,0.003067225940882716
0.0041282911272379616,0.006116455498170327,0.005122373312704144
0.004921749789442379,0.001929845833725251,0.0034257978115838153
0.004557429563628443,0.002094101308700072,0.003325765436164258
0.0037262256969708358,0.002185357321783802,0.002955791509377319
0.004746401345614436,0.0020869681242127246,0.00341668473491358
0.0034347878245921683,0.00460319042926817,0.004018989126930169
0.00350232725870975,0.00216812111781664,0.002835224188263195
0.004459852406003632,0.002576281301722974,0.0035180668538633032
0.0016928262790078259,0.0033201257013565464,0.002506475990182186
0.004183705657655769,0.0019908944139972458,0.003087300035826507
0.0038071049132840664,0.0020883778520102638,0.002947741382647165
0.004499067029809657,0.002288601100062997,0.0033938340649363272
0.0037533679598081133,0.0024731564978029775,0.003113262228805545
0.0034172679406466898,0.0019351832643468884,0.002676225602496789
0.003628754022845873,0.0018748877016331684,0.0027518208622395205
0.0034409760526600917,0.0035500513426568914,0.0034955136976584913
0.004123851642965478,0.0025554062302967613,0.0033396289366311198
0.004376000844209715,0.001982855735917927,0.003179428290063821
0.005176476732163178,0.007017567363609748,0.006097022047886463
0.0014972661303983318,0.006865082058793887,0.00418117409459611
0.003623356885466442,0.002132575844197905,0.002877966364832173
0.005383485612699717,0.006028010582087083,0.0057057480973934
0.0035695865756953243,0.0015012450934470715,0.002535415834571198
0.004743894671610871,0.002535221194367952,0.0036395579329894117
0.001790991949493373,0.005605529755021357,0.003698260852257365
0.0033914580750280996,0.010783978217183172,0.007087718146105636
0.004242933502469882,0.0016076007667382196,0.0029252671346040506
0.004429168069677343,0.0014687751946183805,0.0029489716321478617
0.004633871058623529,0.0020459458400206524,0.0033399084493220908
0.004566999418650206,0.006952708734842264,0.005759854076746234
0.004409635869142622,0.0011091887443046725,0.002759412306723647
0.004454643514050668,0.0016954889439083117,0.00307506622897949
0.0038822353008627205,0.0019194275795747417,0.0029008314402187312
0.0015676329579544445,0.004363586451932354,0.0029656097049433994
0.004035781109670246,0.002296591748423081,0.0031661864290466637
0.0038957287135738677,0.0012500081159484045,0.002572868414761136
0.004398369318130039,0.0021460388046610373,0.003272204061395538
0.004515038598031446,0.0018446506825082042,0.0031798446402698253
0.004706222151239551,0.001429692483750684,0.0030679573174951175
0.0023233447915718686,0.002304378190445965,0.002313861491008917
0.0014176555950071818,0.0063684737273317455,0.0038930646611694637
0.004210688609259755,0.002185760484415694,0.003198224546837725
0.005497284188941983,0.002643423458140076,0.004070353823541029
0.004785043668828134,0.0011513015422052854,0.0029681726055167095
0.0016348542341342927,0.005715346345606205,0.0036751002898702486
0.0037104558537927653,0.0012710471930858986,0.002490751523439332
0.004298677181352579,0.001947085283185881,0.00312288123226923
0.004831041689382812,0.002252185134046084,0.003541613411714448
0.004155973394939648,0.0030210450124653985,0.0035885092037025233
0.004442548512768316,0.0021631634480448777,0.0033028559804065966
0.00275875010054678,0.004269732703203857,0.0035142414018753186
0.005573900548422109,0.0022417476501703725,0.00390782409929624
0.0024188197732857757,0.002674814668218355,0.0025468172207520653
0.004934301547350205,0.005820131147645676,0.005377216347497941
0.005762518616375452,0.002637977201390759,0.004200247908883105
0.005062120121653697,0.0023781250604834516,0.0037201225910685745
0.00548587697968914,0.00242130053934356,0.00395358875951635
0.004736970026846506,0.0028054927471049783,0.003771231386975742
0.0052989961555204666,0.007304640375181181,0.006301818265350824
0.005845938997941347,0.007494947496533244,0.006670443247237296
0.005387655098418135,0.002402878410793824,0.0038952667546059794
0.0051701581429892726,0.002495461648317542,0.0038328098956534073
0.003943215141424053,0.0020213188742200404,0.0029822670078220466
0.00561863871746434,0.00415393551244737,0.004886287114955855
0.00600513649845218,0.0023878220251630313,0.0041964792618076055
0.0056645085257032825,0.007754734157398059,0.00670962134155067
0.001289584383130103,0.0066684158803007,0.0039790001317154015
0.004980616063350872,0.001271849302932862,0.003126232683141867
0.0044846944054231465,0.001392094670618712,0.0029383945380209294
0.002971141866178664,0.002352376777366929,0.0026617593217727964
0.004200741155652584,0.0027974486459264683,0.0034990949007895258
0.006097027007170594,0.002378272767584767,0.0042376498873776805
0.004901658931195817,0.002040689385595729,0.003471174158395773
0.005202980563694938,0.006620991668251329,0.005911986115973133
0.005960018513998729,0.002497655366290208,0.004228836940144469
0.0045946271457367295,0.002702489818082854,0.0036485584819097917
0.0071243948456904856,0.0018965588925413447,0.004510476869115915
0.006022923808607802,0.0021028888529952953,0.004062906330801548
0.005689161783357932,0.0027765341024204404,0.0042328479428891865
0.002622142530293316,0.004098910839519708,0.0033605266849065117
0.005833318897846064,0.0024153007483475775,0.00412430982309682
0.006165552416513982,0.0026293168622401578,0.00439743463937707
0.005718800229119416,0.0027847990317394003,0.004251799630429408
0.003454214218321122,0.012192517073376307,0.007823365645848714
0.005140712476966977,0.002561118908648994,0.0038509156928079854
0.005657820117341785,0.003040177191086999,0.004348998654214392
0.007131955354749244,0.007310466325473165,0.007221210840111204
0.0019319877612465383,0.0077697665320804596,0.004850877146663499
0.005443898385935866,0.002411687729837792,0.003927793057886829
0.0051736497953901684,0.00289775663234068,0.004035703213865424
0.006108297915839428,0.0010987386482786642,0.0036035182820590463
0.0043259096022467925,0.0012047004731585039,0.0027653050377026483
0.007064774479159635,0.002475764654446591,0.004770269566803113
0.005885845944567311,0.0026618358667396787,0.004273840905653495
0.0060430493366280934,0.003047630914091289,0.0045453401253596915
0.0033213742234596386,0.00733679391461148,0.005329084069035559
0.006806886850283982,0.0025372650906063687,0.004672075970445175
0.00560790135053439,0.0038176356013081576,0.004712768475921274
0.00643174105188754,0.0030056004668078855,0.004718670759347713
0.005878922024053156,0.0013396066879200487,0.0036092643559866022
0.005598801124352235,0.004313396909897439,0.0049560990171248365
0.005920892602270136,0.0026253031526322665,0.004273097877451201
0.004465005887345906,0.003248277356340018,0.003856641621842962
0.006895879268643549,0.0026103808127132385,0.004753130040678394
0.006029638765870544,0.00301565740771428,0.0045226480867924124
0.005149067092481444,0.0027536122396567687,0.003951339666069106
0.004436307161991949,0.006216742427251435,0.005326524794621692
0.006365683155299483,0.005431600007997626,0.0058986415816485544
0.0070296933377547366,0.0026374910307271518,0.004833592184240944
0.006401693729389525,0.002935222923864162,0.004668458326626844
0.005753818913869236,0.002036817811587627,0.0038953183627284315
0.005265398424671284,0.002777195491237502,0.0040212969579543935
0.0062667911601517745,0.0031470845039457715,0.004706937832048773
0.006894910514575951,0.0031969811512522666,0.005045945832914109
0.001624431550674351,0.00620448129245049,0.003914456421562421
0.00593643956630849,0.006774732819502907,0.006355586192905698
0.005813179525173866,0.007504139409770671,0.006658659467472268
0.006877665712027265,0.0030940147551178987,0.0049858402335725815
0.005239940995462209,0.0025620726359857657,0.0039010068157239878
0.006840876539239494,0.0033834700650024634,0.005112173302120979
0.005528655430218312,0.005224608398813442,0.005376631914515877
0.0028627434477090158,0.01250553558831368,0.007684139518011349
0.007723730602773967,0.0029987391441054566,0.0053612348734397115
0.007128178019482296,0.003106666647812704,0.0051174223336475
0.004623683451795438,0.004562809612256408,0.004593246532025923
0.009325972523638093,0.002999911926421115,0.006162942225029604
0.0027379139750094866,0.0061973872893007565,0.004467650632155122
0.0026920030476697216,0.005064667003578138,0.0038783350256239297
0.0073735583401474646,0.0033862870464529678,0.005379922693300216
0.007135196728565181,0.0015290522225312475,0.004332124475548214
0.005063966942924184,0.010602133732081256,0.00783305033750272
0.007090182551324934,0.0036442197918364,0.005367201171580667
0.0030806563137200354,0.007227112068151391,0.005153884190935713
0.005610030986889636,0.0017489942258568942,0.003679512606373265
0.005293682268671518,0.0020282889366934286,0.0036609856026824737
0.007983376601060835,0.00350351244098293,0.005743444521021882
0.004275975492971002,0.007225481723261851,0.005750728608116427
0.004631950363535827,0.0038021474572140276,0.0042170489103749275
0.004503628172819623,0.0021903635520925577,0.0033469958624560902
0.006055136190544012,0.004688583091081797,0.005371859640812904
0.01027289771238688,0.0031400042023871184,0.006706450957386999
0.0057523973406589666,0.0009923886234315424,0.0033723929820452542
0.007690678475715228,0.0032035931159385043,0.005447135795826866
0.0074872557576575495,0.0031373874718656565,0.005312321614761603
0.0075555422295883416,0.0012634379256598988,0.00440949007762412
0.0032337575627928196,0.015616309595754552,0.009425033579273686
0.008172363243443602,0.003673681303678224,0.0059230222735609135
0.008187926205429482,0.0026994232346342997,0.005443674720031891
0.0041822384019086075,0.007755524905416518,0.005968881653662563
0.0057701679545420865,0.0016595674388599155,0.003714867696701001
0.0070793012110369835,0.002774709553122006,0.004927005382079495
0.00809695086014177,0.002576042542068185,0.0053364967011049775
0.0060544746770266515,0.003126395173225344,0.0045904349251259975
0.0060457927973452084,0.0028858741209682208,0.004465833459156715
0.0007657954885173159,0.007159776126564151,0.003962785807540734
0.0037909125593770954,0.01012405164761788,0.0069574821034974876
0.010977366349855888,0.00879215921746493,0.00988476278366041
0.011078606907697727,0.005267999355346909,0.008173303131522317
0.009405981911117871,0.0014041427380691372,0.005405062324593504
0.005720942134965792,0.0065256463193216225,0.006123294227143707
0.010867825783655211,0.005215646880967778,0.008041736332311495
0.00757953829429103,0.006362084860618933,0.006970811577454982
0.003909589076259109,0.009433074022015797,0.006671331549137453
0.008381384798068124,0.005342305193286497,0.00686184499567731
0.008353704487242255,0.0018735904644807803,0.0051136474758615175
0.005894568147466316,0.0020346217621778624,0.0039645949548220896
0.008713121687133984,0.002222568785475157,0.00546784523630457
0.010250322699611897,0.0013415485764741392,0.005795935638043018
0.008041221372079277,0.004922001825310037,0.006481611598694656
0.004001484593183529,0.011387426890936178,0.007694455742059854
0.012105483021126037,0.002406403360432233,0.007255943190779135
0.006794199277198064,0.0043472823178300184,0.005570740797514041
0.00468811641715022,0.0023318179497661645,0.0035099671834581923
0.007129748915703149,0.0026809382561823972,0.004905343585942773
0.007096857746243775,0.0029934941875726555,0.005045175966908216
0.0070049442147188355,0.003090135107789394,0.005047539661254115
0.008986950552375085,0.0029649899973898945,0.00597597027488249
0.006148799284068575,0.0018625338815030164,0.004005666582785796
0.0123893375496868,0.0037497805151543995,0.0080695590324206
0.01284329387676489,0.003663011434961593,0.008253152655863242
0.008052340120351826,0.004269233437779965,0.006160786779065895
0.005703263197490148,0.012562153758160341,0.009132708477825244
0.011972483836087691,0.0031886445280668524,0.007580564182077271
0.008293447210261732,0.003374393021352745,0.005833920115807238
0.009334861812631455,0.003546096071484043,0.006440478942057749
0.003083958682691465,0.0018263369083244354,0.0024551477955079503
0.004919644750009863,0.00988344646894524,0.007401545609477551
0.011039796362004455,0.003902170808184585,0.00747098358509452
0.007657889260936796,0.0079249004742864,0.007791394867611598
0.008331448756451327,0.007385801083356972,0.00785862491990415
0.003500398447397517,0.016989394331494472,0.010244896389445994
0.008793190216415185,0.008689374818149251,0.008741282517282218
0.006828419055129078,0.0022179687321756095,0.004523193893652344
0.013200675735921853,0.005492958417818484,0.009346817076870169
0.006321254464187411,0.0026341024439934238,0.004477678454090417
0.012178809105942705,0.0037199207487377743,0.00794936492734024
0.010546040711885658,0.011149066234860807,0.010847553473373232
0.009963854497680951,0.010169170855444918,0.010066512676562934
0.014399233443772039,0.007054288839730576,0.010726761141751306
0.015439091530050818,0.00645751612070914,0.01094830382537998
0.015109653977024774,0.005326647843401863,0.010218150910213318
0.008957744511512825,0.0028989597080338768,0.0059283521097733514
0.011077296195085634,0.01326979742096399,0.01217354680802481
0.015696681666374925,0.015292524261557106,0.015494602963966014
0.01408845079126306,0.034117950299453546,0.024103200545358302
0.00718283186894493,0.004246482814057756,0.0057146573415013426
