,Aroma,Flavor,Aftertaste,Acidity,Sweetness,Body,Balance,Uniformity,Moisture
0,8.67,8.83,8.67,8.75,10.0,8.5,8.42,10.0,0.12
1,8.75,8.67,8.5,8.58,10.0,8.42,8.42,10.0,0.12
2,8.42,8.5,8.42,8.42,10.0,8.33,8.42,10.0,0.0
3,8.17,8.58,8.42,8.42,10.0,8.5,8.25,10.0,0.11
4,8.25,8.5,8.25,8.5,10.0,8.42,8.33,10.0,0.12
5,8.58,8.42,8.42,8.5,10.0,8.25,8.33,10.0,0.11
6,8.42,8.5,8.33,8.5,10.0,8.25,8.25,10.0,0.11
7,8.25,8.33,8.5,8.42,9.33,8.33,8.5,10.0,0.03
8,8.67,8.67,8.58,8.42,9.33,8.33,8.42,9.33,0.03
9,8.08,8.58,8.5,8.5,10.0,7.67,8.42,10.0,0.1
10,8.17,8.67,8.25,8.5,10.0,7.75,8.17,10.0,0.1
11,8.25,8.42,8.17,8.33,10.0,8.08,8.17,10.0,0.0
12,8.08,8.67,8.33,8.42,10.0,8.0,8.08,10.0,0.0
13,8.33,8.42,8.08,8.25,10.0,8.25,8.0,10.0,0.0
14,8.25,8.33,8.5,8.25,9.33,8.58,8.75,9.33,0.05
15,8.0,8.5,8.58,8.17,10.0,8.17,8.0,10.0,0.0
16,8.33,8.25,7.83,7.75,10.0,8.5,8.42,10.0,0.03
17,8.17,8.33,8.25,8.33,9.33,8.42,8.33,9.33,0.05
18,8.42,8.25,8.08,8.17,10.0,7.92,8.0,10.0,0.1
19,8.17,8.17,8.0,8.17,10.0,8.08,8.33,10.0,0.0
20,8.0,8.25,8.08,8.5,10.0,8.25,8.0,10.0,0.0
21,8.08,8.25,8.0,8.17,10.0,8.0,8.33,10.0,0.11
22,8.17,8.25,8.17,8.0,10.0,7.83,8.17,10.0,0.13
23,8.25,8.33,8.17,8.17,10.0,7.83,8.17,10.0,0.0
24,8.42,8.17,7.92,8.17,10.0,8.33,8.0,10.0,0.11
25,8.5,8.5,8.0,8.0,10.0,8.0,8.0,10.0,0.12
26,7.83,8.25,8.08,8.17,10.0,8.17,8.17,10.0,0.05
27,8.42,8.17,8.17,8.17,10.0,7.83,7.92,10.0,0.12
28,8.17,8.08,8.08,8.0,10.0,8.08,8.0,10.0,0.1
29,8.0,8.0,8.0,8.25,10.0,8.0,8.17,10.0,0.0
30,7.92,8.25,8.0,8.33,10.0,8.0,8.08,10.0,0.08
31,8.42,8.17,8.17,8.0,10.0,7.58,8.0,10.0,0.11
32,8.5,8.17,8.0,7.75,10.0,8.0,8.0,10.0,0.12
33,8.17,7.83,8.0,8.08,10.0,7.83,8.0,10.0,0.0
34,8.0,8.08,7.92,8.0,10.0,8.08,8.08,10.0,0.1
35,8.08,8.0,8.0,8.25,10.0,7.92,7.92,10.0,0.12
36,8.08,8.17,8.0,7.92,10.0,7.92,7.83,10.0,0.0
37,8.25,8.42,8.08,7.75,10.0,7.67,7.83,10.0,0.0
38,7.92,7.75,8.08,8.08,10.0,8.08,8.17,10.0,0.1
39,7.67,8.17,8.0,8.0,10.0,8.17,8.08,10.0,0.0
40,7.83,8.33,7.83,8.25,10.0,7.58,7.92,10.0,0.1
41,8.17,7.92,7.92,7.75,10.0,8.33,8.0,10.0,0.08
42,8.42,7.92,8.0,7.75,10.0,7.92,8.0,10.0,0.01
43,8.08,8.17,7.75,8.08,10.0,7.75,7.83,10.0,0.12
44,8.08,8.08,8.0,8.0,10.0,7.83,8.08,10.0,0.11
45,8.33,8.0,8.0,8.0,10.0,7.75,8.0,10.0,0.11
46,8.08,8.08,7.83,7.92,10.0,8.08,7.92,10.0,0.0
47,7.75,7.92,7.83,8.08,10.0,8.08,8.17,10.0,0.12
48,7.92,8.17,7.83,8.5,10.0,7.5,7.92,10.0,0.11
49,8.25,8.0,7.83,8.08,10.0,8.0,7.92,10.0,0.1
50,7.75,8.08,8.0,8.25,10.0,8.0,8.0,10.0,0.01
51,8.33,8.17,7.75,8.0,10.0,7.75,7.83,10.0,0.0
52,7.92,8.08,7.92,8.08,10.0,8.08,7.83,10.0,0.1
53,8.17,8.17,7.92,8.08,10.0,7.83,7.75,10.0,0.12
54,8.0,8.0,8.0,8.17,10.0,7.83,8.0,10.0,0.0
55,8.0,8.0,7.92,8.08,10.0,7.83,8.0,10.0,0.08
56,7.83,8.08,7.92,8.08,10.0,8.0,7.92,10.0,0.1
57,7.83,8.0,8.0,8.17,10.0,7.83,8.0,10.0,0.12
58,8.0,8.0,7.83,8.33,10.0,7.83,7.83,10.0,0.1
59,7.83,8.0,7.83,8.17,10.0,7.92,8.0,10.0,0.09
60,8.0,8.0,8.0,8.08,10.0,7.92,7.75,10.0,0.1
61,8.33,8.42,7.83,8.33,10.0,8.0,8.25,9.33,0.12
62,7.92,8.17,8.0,7.92,10.0,7.75,7.83,10.0,0.1
63,7.83,8.0,8.0,7.75,10.0,7.92,8.17,10.0,0.11
64,7.83,8.0,7.92,7.75,10.0,8.08,8.0,10.0,0.0
65,8.0,7.75,7.83,7.83,10.0,7.67,8.58,10.0,0.09
66,7.92,7.92,7.83,8.08,10.0,7.83,7.92,10.0,0.1
67,7.83,8.0,7.83,7.92,10.0,7.83,8.08,10.0,0.12
68,8.33,7.92,7.67,7.92,10.0,7.67,7.92,10.0,0.12
69,8.0,7.83,7.67,8.33,10.0,7.83,8.0,10.0,0.11
70,7.75,7.83,7.83,8.17,10.0,7.92,7.83,10.0,0.1
71,8.08,8.0,7.83,7.67,10.0,8.0,7.83,10.0,0.12
72,7.92,7.92,7.75,7.92,10.0,7.75,7.92,10.0,0.0
73,8.0,8.0,8.0,7.67,10.0,7.75,8.0,10.0,0.11
74,8.08,7.83,7.83,8.08,10.0,7.83,7.83,10.0,0.01
75,8.0,8.0,8.0,7.83,10.0,7.83,7.75,10.0,0.1
76,7.83,7.75,7.83,7.67,10.0,7.83,8.58,10.0,0.11
77,7.92,8.08,8.0,7.92,9.33,8.0,8.08,10.0,0.0
78,8.0,7.58,7.58,7.67,10.0,8.08,8.5,10.0,0.1
79,7.83,8.08,7.75,8.08,10.0,7.92,7.75,10.0,0.0
80,8.0,7.92,7.92,8.08,10.0,7.83,7.75,10.0,0.0
81,7.83,7.83,7.92,8.08,10.0,7.75,7.83,10.0,0.05
82,7.92,7.83,7.75,8.33,10.0,7.75,7.75,10.0,0.1
83,8.0,7.92,7.75,8.0,10.0,7.92,7.83,10.0,0.1
84,8.17,7.92,7.83,8.0,10.0,7.58,7.83,10.0,0.11
85,7.58,8.08,7.92,7.83,10.0,8.0,7.92,10.0,0.12
86,7.75,7.83,7.67,8.0,10.0,8.08,7.83,10.0,0.11
87,8.25,8.0,7.67,7.92,10.0,7.75,7.67,10.0,0.0
88,7.75,8.0,7.58,8.0,10.0,8.0,7.92,10.0,0.11
89,8.17,7.83,7.58,8.08,10.0,8.0,7.75,10.0,0.0
90,8.42,8.0,7.42,8.0,10.0,7.92,7.92,9.33,0.1
91,7.58,7.83,7.83,7.92,10.0,7.83,8.17,10.0,0.11
92,7.83,8.0,7.75,7.75,10.0,7.83,7.83,10.0,0.11
93,8.08,8.17,7.92,8.0,10.0,8.08,8.0,9.33,0.01
94,7.67,8.0,7.83,8.0,10.0,7.92,7.83,10.0,0.0
95,7.5,7.92,8.25,7.83,10.0,7.92,7.75,10.0,0.0
96,8.17,7.92,7.75,7.75,10.0,7.67,7.75,10.0,0.11
97,8.0,7.92,7.75,7.92,10.0,7.75,7.83,10.0,0.0
98,7.83,8.0,7.58,7.92,10.0,7.92,7.83,10.0,0.12
99,7.83,8.0,7.83,7.75,10.0,7.67,7.83,10.0,0.09
100,8.17,7.83,7.92,7.75,10.0,7.67,7.83,10.0,0.11
101,7.75,7.83,7.75,8.08,10.0,8.0,7.75,10.0,0.0
102,8.0,8.0,7.83,7.83,10.0,7.67,7.67,10.0,0.12
103,7.92,8.17,7.75,8.08,10.0,7.42,7.83,10.0,0.0
104,7.75,7.92,7.75,7.75,10.0,8.0,8.0,10.0,0.0
105,7.83,8.08,7.67,8.0,10.0,7.75,7.67,10.0,0.04
106,7.92,7.92,7.67,7.83,10.0,7.92,7.83,10.0,0.0
107,7.92,7.83,7.75,7.83,10.0,7.75,8.0,10.0,0.12
108,7.67,7.83,8.0,7.58,10.0,8.0,7.92,10.0,0.11
109,8.0,7.83,7.83,7.92,10.0,7.75,7.75,10.0,0.12
110,7.75,7.92,7.83,7.75,10.0,7.75,8.0,10.0,0.11
111,7.75,8.0,7.75,7.83,10.0,7.5,7.92,10.0,0.11
112,8.0,7.92,7.75,7.75,10.0,8.0,7.75,10.0,0.11
113,8.0,8.0,7.75,8.0,10.0,7.5,7.75,10.0,0.12
114,8.0,7.67,7.83,8.17,10.0,7.92,7.75,10.0,0.06
115,7.92,7.58,7.83,7.83,10.0,7.83,7.83,10.0,0.0
116,7.75,7.92,7.67,7.67,10.0,8.25,7.75,10.0,0.12
117,7.67,7.75,7.75,7.75,10.0,7.83,8.0,10.0,0.0
118,7.75,7.92,7.83,7.92,10.0,7.75,7.67,10.0,0.1
119,7.42,7.92,7.92,8.0,10.0,7.83,7.83,10.0,0.1
120,7.75,7.75,7.75,7.75,10.0,8.0,7.75,10.0,0.12
121,7.92,7.83,7.58,7.92,10.0,7.75,7.83,10.0,0.13
122,7.83,7.75,8.0,7.67,10.0,7.67,7.67,10.0,0.11
123,7.75,8.0,8.0,8.33,9.33,7.67,7.92,10.0,0.15
124,7.83,7.58,7.58,7.83,10.0,7.75,7.67,10.0,0.18
125,7.83,7.83,7.5,8.0,10.0,7.83,7.67,10.0,0.0
126,7.92,7.83,7.75,7.75,10.0,7.75,7.75,10.0,0.12
127,7.75,7.75,7.75,7.42,10.0,8.08,7.83,10.0,0.12
128,8.08,7.75,7.67,7.83,10.0,7.5,7.92,10.0,0.1
129,7.75,7.83,7.58,8.0,10.0,7.92,7.75,10.0,0.1
130,8.17,8.0,7.83,7.17,10.0,7.83,7.75,10.0,0.12
131,8.08,7.83,7.75,7.83,10.0,7.58,7.67,10.0,0.1
132,7.67,7.58,7.75,7.75,10.0,7.67,8.58,10.0,0.08
133,8.0,7.58,7.83,7.75,10.0,7.75,7.75,10.0,0.11
134,8.08,7.83,7.75,7.83,9.33,7.92,8.0,10.0,0.0
135,8.0,7.92,7.75,7.75,10.0,7.75,7.75,10.0,0.11
136,7.75,7.83,7.75,7.83,10.0,7.75,7.83,10.0,0.0
137,7.75,7.92,7.83,8.0,10.0,7.58,7.75,10.0,0.11
138,8.0,7.83,7.67,7.83,10.0,7.67,8.0,10.0,0.11
139,7.67,7.83,7.67,8.0,10.0,7.67,7.83,10.0,0.12
140,7.83,7.58,7.67,7.92,10.0,7.92,7.83,10.0,0.13
141,7.92,7.83,7.75,7.92,10.0,7.67,7.75,10.0,0.11
142,7.67,7.83,7.75,7.75,10.0,7.92,7.83,10.0,0.0
143,7.42,7.75,7.75,8.0,10.0,8.0,7.92,10.0,0.2
144,7.92,7.75,7.83,7.75,10.0,7.58,7.92,10.0,0.11
145,7.83,7.67,7.58,7.92,10.0,7.67,7.83,10.0,0.0
146,7.92,7.83,7.58,8.0,10.0,7.83,7.67,10.0,0.0
147,7.83,7.83,7.83,7.75,10.0,7.58,7.83,10.0,0.1
148,7.75,7.83,7.67,7.92,10.0,7.75,7.83,10.0,0.11
149,8.0,7.92,7.67,7.58,10.0,7.58,7.67,10.0,0.09
150,7.67,7.67,7.58,7.75,10.0,7.58,8.5,10.0,0.0
151,7.75,7.75,7.83,7.75,10.0,7.58,8.0,10.0,0.0
152,7.75,7.75,7.75,8.08,10.0,7.75,7.75,10.0,0.0
153,7.67,7.83,7.83,8.0,10.0,7.58,7.92,10.0,0.0
154,7.75,7.83,7.75,8.0,10.0,7.83,7.67,10.0,0.12
155,7.42,7.67,7.75,7.75,10.0,8.08,7.83,10.0,0.11
156,8.0,8.0,7.75,7.75,10.0,7.58,7.75,10.0,0.12
157,8.5,8.0,7.5,7.75,10.0,7.5,7.83,10.0,0.11
158,7.92,7.67,7.92,7.75,10.0,7.67,7.58,10.0,0.1
159,7.92,7.75,7.67,7.75,10.0,7.83,7.75,10.0,0.11
160,7.75,7.92,7.67,7.83,10.0,7.75,7.67,10.0,0.1
161,7.92,7.83,7.83,7.83,10.0,7.58,7.58,10.0,0.11
162,8.08,7.67,7.83,7.83,10.0,7.67,7.67,10.0,0.12
163,7.67,8.0,7.75,7.83,10.0,7.75,7.58,10.0,0.0
164,8.17,7.83,7.67,7.83,10.0,7.67,7.83,10.0,0.11
165,7.92,7.83,7.67,8.0,10.0,7.67,7.75,10.0,0.11
166,8.0,7.92,7.42,8.08,10.0,7.5,7.67,10.0,0.12
167,7.92,7.83,7.75,7.75,10.0,7.75,7.83,10.0,0.11
168,7.67,8.0,7.67,8.0,10.0,7.5,7.83,10.0,0.11
169,7.81,7.81,7.88,7.75,10.0,7.38,8.25,9.5,0.0
170,8.17,7.67,7.75,7.75,10.0,7.67,7.75,10.0,0.0
171,7.58,7.83,7.83,8.0,10.0,7.67,7.58,10.0,0.1
172,7.67,7.67,7.83,7.58,10.0,7.83,7.83,10.0,0.0
173,7.92,7.83,7.75,7.67,10.0,7.92,7.67,10.0,0.0
174,7.92,7.75,7.67,7.92,10.0,7.67,7.75,10.0,0.0
175,7.83,7.83,7.75,8.0,10.0,7.5,7.75,10.0,0.11
176,7.92,7.92,7.5,7.83,10.0,7.5,7.92,10.0,0.11
177,7.75,7.92,7.75,7.67,10.0,7.83,7.67,10.0,0.12
178,7.5,7.75,7.83,7.92,10.0,7.92,7.75,10.0,0.2
179,7.33,7.58,7.83,7.75,10.0,7.75,7.92,10.0,0.11
180,7.92,8.0,7.75,7.67,10.0,7.67,7.75,10.0,0.1
181,7.58,7.75,7.5,7.83,10.0,7.67,8.5,10.0,0.0
182,7.58,7.92,7.58,7.75,10.0,7.92,7.75,10.0,0.11
183,7.67,7.67,7.75,7.83,10.0,7.75,7.83,10.0,0.0
184,7.75,7.67,8.0,7.67,10.0,8.08,7.83,10.0,0.11
185,7.75,7.58,7.33,7.83,10.0,7.58,8.08,10.0,0.0
186,8.0,7.75,7.75,7.83,10.0,7.5,7.67,10.0,0.12
187,8.17,8.0,7.5,7.75,10.0,7.5,7.67,10.0,0.0
188,8.0,8.0,7.5,7.5,10.0,7.67,7.75,10.0,0.02
189,7.75,7.75,7.92,7.75,10.0,7.5,7.92,10.0,0.0
190,7.5,7.67,7.75,7.67,10.0,7.92,7.92,10.0,0.04
191,7.92,7.75,7.75,7.67,10.0,7.67,7.83,10.0,0.12
192,7.83,7.75,7.75,7.42,10.0,7.83,7.67,10.0,0.12
193,7.83,7.58,7.75,7.58,10.0,7.67,8.0,10.0,0.11
194,7.75,7.75,7.58,7.92,10.0,7.75,7.75,10.0,0.11
195,7.75,7.92,7.5,8.08,10.0,7.58,7.67,10.0,0.1
196,7.83,7.83,7.58,7.75,10.0,7.75,7.75,10.0,0.1
197,7.67,7.67,7.75,7.75,10.0,7.67,7.92,10.0,0.11
198,7.83,7.67,7.75,7.58,10.0,7.92,7.75,10.0,0.12
199,7.83,7.75,7.83,7.58,10.0,7.67,7.75,10.0,0.12
200,7.42,7.67,7.83,7.75,10.0,7.92,7.83,10.0,0.12
201,7.83,7.67,7.75,7.83,10.0,7.67,7.67,10.0,0.12
202,7.83,7.75,7.75,7.75,10.0,7.67,7.75,10.0,0.12
203,7.83,7.83,7.5,7.92,10.0,7.58,7.75,10.0,0.1
204,7.58,7.5,7.75,7.83,10.0,7.92,7.83,10.0,0.11
205,7.33,7.92,7.92,7.92,9.33,7.92,8.08,10.0,0.11
206,7.83,7.92,7.67,7.83,10.0,7.5,7.75,10.0,0.12
207,7.83,7.83,7.75,7.67,10.0,7.83,7.58,10.0,0.12
208,7.83,7.92,7.67,7.75,10.0,7.5,7.75,10.0,0.1
209,8.17,7.75,7.58,7.67,10.0,7.83,7.58,10.0,0.13
210,7.75,7.83,7.58,7.83,10.0,7.67,7.75,10.0,0.13
211,7.83,7.75,7.58,7.67,10.0,7.75,7.83,10.0,0.0
212,7.92,7.75,7.67,7.67,10.0,7.5,7.67,10.0,0.09
213,7.75,7.75,7.58,8.0,10.0,7.67,7.83,10.0,0.11
214,7.75,7.92,7.58,7.92,10.0,7.67,7.67,10.0,0.1
215,7.58,7.83,7.58,7.83,10.0,7.83,7.67,10.0,0.1
216,8.0,7.5,7.5,7.67,10.0,8.0,7.83,10.0,0.0
217,7.67,7.83,7.83,7.5,10.0,7.67,7.83,10.0,0.12
218,7.67,7.75,7.75,7.67,10.0,7.83,7.75,10.0,0.0
219,7.67,7.75,7.67,7.75,10.0,7.5,8.0,10.0,0.0
220,7.5,7.92,7.58,7.83,10.0,7.75,7.83,10.0,0.1
221,7.92,7.75,7.75,7.75,10.0,7.75,7.58,10.0,0.13
222,7.67,7.5,7.67,7.42,10.0,7.83,8.58,10.0,0.12
223,7.67,7.75,7.67,7.75,10.0,7.75,7.75,10.0,0.11
224,7.58,7.75,7.75,7.75,10.0,7.75,7.83,10.0,0.08
225,7.58,7.83,7.75,7.67,10.0,7.67,8.0,10.0,0.11
226,7.92,7.75,7.67,7.67,10.0,7.83,7.92,10.0,0.11
227,8.42,8.08,7.5,7.17,10.0,7.58,8.17,9.33,0.11
228,7.75,7.75,7.75,7.75,10.0,7.83,7.75,10.0,0.0
229,7.83,7.5,7.5,8.0,10.0,7.83,7.83,10.0,0.11
230,7.83,7.75,7.5,7.83,10.0,7.83,7.75,10.0,0.11
231,7.81,7.88,7.56,7.75,10.0,7.63,7.75,10.0,0.12
232,7.83,7.5,7.42,7.5,10.0,7.83,8.5,10.0,0.0
233,7.58,7.67,7.67,7.67,10.0,7.75,7.83,10.0,0.1
234,8.0,7.75,7.5,7.58,10.0,7.92,7.67,10.0,0.1
235,7.92,7.75,7.67,7.75,10.0,7.67,7.67,10.0,0.0
236,7.58,7.75,7.67,8.0,10.0,7.75,7.67,10.0,0.1
237,7.83,7.75,7.83,7.83,10.0,7.42,8.08,9.33,0.11
238,7.67,7.75,7.67,7.75,10.0,7.67,7.75,10.0,0.11
239,7.92,7.92,7.83,8.0,8.67,7.92,7.92,10.0,0.09
240,7.58,7.75,7.67,7.75,10.0,7.83,7.75,10.0,0.08
241,7.83,7.75,7.67,7.75,10.0,7.33,7.75,10.0,0.11
242,7.42,7.83,7.75,7.92,10.0,7.75,7.58,10.0,0.1
243,7.67,7.83,7.58,7.92,10.0,7.75,7.67,10.0,0.12
244,7.67,7.67,7.83,7.58,10.0,7.58,7.83,10.0,0.11
245,7.92,7.67,7.42,7.92,10.0,7.75,7.83,10.0,0.1
246,7.75,7.83,7.5,7.83,10.0,7.58,7.67,10.0,0.1
247,7.67,7.75,7.67,7.67,10.0,7.67,7.75,10.0,0.12
248,7.58,7.42,7.75,7.92,10.0,7.75,7.92,10.0,0.12
249,7.67,7.67,7.5,7.5,10.0,7.67,7.67,10.0,0.12
250,7.75,7.75,7.5,7.58,10.0,7.67,7.92,10.0,0.09
251,7.58,7.83,7.67,7.25,10.0,8.0,7.75,10.0,0.1
252,7.67,7.83,7.67,7.75,10.0,7.67,7.75,10.0,0.11
253,7.67,7.83,7.5,7.75,10.0,7.92,7.67,10.0,0.0
254,7.92,8.17,8.17,8.42,9.33,8.08,8.17,8.67,0.12
255,7.67,7.75,7.67,7.75,10.0,7.83,7.67,10.0,0.0
256,7.92,7.75,7.58,7.67,10.0,7.67,7.83,10.0,0.1
257,7.58,7.75,7.58,7.75,10.0,7.58,7.75,10.0,0.06
258,7.5,7.75,7.58,7.5,10.0,7.58,7.5,10.0,0.0
259,7.83,7.83,7.58,7.92,10.0,7.42,7.5,10.0,0.11
260,7.67,7.75,7.5,7.67,10.0,7.67,7.83,10.0,0.1
261,7.58,7.67,7.67,7.75,10.0,7.58,7.83,10.0,0.11
262,7.83,7.75,7.83,7.75,10.0,7.83,7.75,9.33,0.11
263,7.75,7.67,7.5,7.75,10.0,7.83,7.75,10.0,0.11
264,7.75,7.58,7.5,7.83,10.0,7.75,7.92,10.0,0.0
265,7.75,7.75,7.58,7.75,10.0,7.75,7.67,10.0,0.0
266,7.92,7.67,7.5,7.83,10.0,7.58,7.67,10.0,0.0
267,7.83,7.75,7.58,7.58,10.0,7.75,7.75,10.0,0.0
268,7.75,7.58,7.67,7.83,10.0,7.83,7.67,10.0,0.0
269,8.0,7.92,7.92,7.92,10.0,7.67,7.33,10.0,0.06
270,7.67,7.83,7.67,7.75,10.0,7.67,7.83,10.0,0.12
271,7.67,7.75,7.58,7.67,10.0,7.75,7.83,10.0,0.12
272,7.5,7.67,7.58,7.83,10.0,7.75,7.75,10.0,0.11
273,7.75,7.92,7.83,7.92,10.0,7.75,7.67,9.33,0.0
274,7.92,7.58,7.5,7.83,10.0,7.58,7.67,10.0,0.0
275,7.83,7.67,7.5,7.75,10.0,7.75,7.75,10.0,0.0
276,7.67,7.67,7.75,7.67,10.0,7.5,7.75,10.0,0.0
277,7.75,7.75,7.5,7.75,10.0,7.83,7.58,10.0,0.11
278,7.75,7.67,7.5,7.75,10.0,7.75,7.67,10.0,0.0
279,7.25,7.58,7.42,8.0,10.0,7.75,7.83,10.0,0.0
280,7.67,7.75,7.67,7.75,10.0,7.42,7.75,10.0,0.0
281,7.75,7.75,7.67,7.67,10.0,7.58,7.67,10.0,0.12
282,7.67,7.67,7.58,7.5,9.33,7.83,8.17,10.0,0.0
283,7.83,7.42,7.5,7.83,10.0,7.75,7.83,10.0,0.1
284,7.58,7.83,7.33,8.0,10.0,7.58,7.75,10.0,0.1
285,7.92,7.5,7.33,7.67,10.0,8.17,7.5,10.0,0.1
286,7.5,7.67,7.58,7.75,10.0,7.83,7.83,10.0,0.09
287,7.67,7.58,7.58,7.83,10.0,7.58,7.67,10.0,0.11
288,7.5,7.83,7.5,7.83,10.0,7.83,7.67,10.0,0.11
289,7.67,8.0,7.67,7.42,10.0,7.67,7.5,10.0,0.1
290,7.67,7.58,7.5,7.75,10.0,7.75,7.75,10.0,0.11
291,7.83,7.83,7.58,7.67,10.0,7.5,7.58,10.0,0.12
292,7.75,7.75,7.58,8.0,10.0,7.67,7.58,10.0,0.02
293,7.5,7.83,7.58,7.58,10.0,7.75,7.83,10.0,0.01
294,7.58,7.83,7.58,8.0,10.0,7.83,7.5,10.0,0.1
295,7.75,7.58,7.5,7.58,10.0,7.75,7.75,10.0,0.11
296,7.67,7.67,7.58,7.75,10.0,7.67,7.67,10.0,0.11
297,7.83,7.83,7.58,7.58,10.0,7.58,7.58,10.0,0.11
298,7.67,7.67,7.58,7.58,10.0,7.67,7.83,10.0,0.0
299,7.92,7.75,7.5,7.67,10.0,7.75,7.5,10.0,0.0
300,7.83,7.75,7.67,7.5,10.0,7.58,7.67,10.0,0.1
301,7.75,7.67,7.5,7.67,10.0,7.58,7.83,10.0,0.0
302,8.0,7.92,7.58,7.75,10.0,7.33,7.5,10.0,0.12
303,7.83,7.83,7.83,7.67,10.0,8.0,8.17,9.33,0.12
304,7.67,7.67,7.67,7.92,10.0,7.5,7.67,10.0,0.0
305,7.67,7.42,7.42,7.42,10.0,8.0,8.33,10.0,0.0
306,7.58,7.67,7.75,7.67,10.0,7.67,7.67,10.0,0.0
307,7.75,7.67,7.75,7.58,10.0,7.42,8.0,10.0,0.11
308,7.25,7.42,7.67,7.58,10.0,7.83,8.25,10.0,0.0
309,7.83,7.58,7.58,7.5,10.0,7.75,7.67,10.0,0.13
310,7.67,7.58,7.58,7.67,10.0,7.75,7.75,10.0,0.11
311,7.83,7.83,7.58,7.33,10.0,7.42,7.67,10.0,0.1
312,7.75,7.67,7.25,7.25,10.0,7.58,8.5,10.0,0.06
313,7.83,7.67,7.75,7.67,10.0,7.58,7.5,10.0,0.0
314,7.67,7.83,7.5,7.67,10.0,7.67,7.5,10.0,0.11
315,8.08,7.67,7.67,7.58,10.0,7.25,7.67,10.0,0.11
316,7.5,7.5,7.67,7.67,10.0,8.0,8.0,10.0,0.1
317,7.67,7.75,7.67,7.67,10.0,7.83,7.58,10.0,0.1
318,7.58,7.75,7.58,7.75,10.0,7.58,7.58,10.0,0.11
319,7.5,7.67,7.33,7.92,10.0,7.83,7.67,10.0,0.1
320,7.33,7.67,7.67,7.5,10.0,7.67,7.5,10.0,0.11
321,7.5,7.75,7.58,7.83,10.0,7.67,7.58,10.0,0.12
322,7.5,7.75,7.5,7.75,10.0,7.67,7.67,10.0,0.11
323,8.0,7.5,7.33,8.0,10.0,8.0,8.0,9.33,0.1
324,7.83,7.75,7.67,7.58,10.0,7.58,7.67,10.0,0.0
325,7.67,7.67,7.67,7.67,10.0,7.33,7.75,10.0,0.0
326,7.67,7.67,7.42,7.67,10.0,8.0,7.75,10.0,0.12
327,7.83,7.67,7.33,7.67,10.0,7.67,7.83,10.0,0.11
328,7.75,7.75,7.58,7.83,10.0,7.17,7.75,10.0,0.11
329,8.17,8.17,7.83,7.67,9.33,8.08,7.75,9.33,0.11
330,7.67,8.17,7.5,7.42,10.0,7.58,7.83,10.0,0.11
331,7.67,7.5,7.5,7.33,10.0,7.83,8.25,10.0,0.12
332,8.17,7.67,7.58,7.58,10.0,7.42,7.67,10.0,0.12
333,7.67,7.5,7.33,8.0,10.0,7.67,7.67,10.0,0.1
334,7.75,8.0,7.92,8.08,9.33,7.75,8.0,9.33,0.0
335,7.58,7.67,7.58,7.58,10.0,7.67,7.58,10.0,0.11
336,7.75,7.75,7.5,7.83,10.0,7.58,7.58,10.0,0.11
337,7.75,7.75,7.58,7.58,10.0,7.67,7.58,10.0,0.11
338,7.67,7.58,7.58,7.58,10.0,7.67,7.75,10.0,0.1
339,7.67,7.75,7.58,7.67,10.0,7.75,7.58,10.0,0.12
340,7.75,7.75,7.58,7.58,10.0,7.5,7.67,10.0,0.12
341,7.75,7.67,7.58,7.67,10.0,7.5,7.67,10.0,0.0
342,7.67,7.67,7.42,7.75,10.0,7.75,7.67,10.0,0.12
343,7.67,7.58,7.67,7.67,10.0,7.67,7.67,10.0,0.0
344,7.67,7.58,7.67,7.58,10.0,7.67,7.75,10.0,0.12
345,7.75,7.58,7.5,7.58,10.0,7.75,7.83,10.0,0.0
346,7.75,7.75,7.75,7.75,10.0,7.5,7.58,10.0,0.11
347,7.67,7.67,7.58,7.67,10.0,7.75,7.58,10.0,0.11
348,7.83,7.67,7.58,7.58,10.0,7.67,7.58,10.0,0.12
349,7.67,7.58,7.58,7.58,10.0,7.67,7.75,10.0,0.11
350,7.83,7.75,7.5,7.75,10.0,7.5,7.58,10.0,0.12
351,7.75,7.58,7.58,7.75,10.0,7.75,7.5,10.0,0.0
352,7.58,7.58,7.17,7.17,10.0,7.0,7.0,10.0,0.11
353,7.92,7.42,7.5,7.67,10.0,7.5,7.67,10.0,0.0
354,7.75,7.58,7.58,7.5,10.0,7.75,7.75,10.0,0.0
355,7.67,7.75,7.5,7.83,10.0,7.58,7.58,10.0,0.1
356,7.58,7.58,7.58,7.58,10.0,7.75,7.67,10.0,0.12
357,7.75,7.67,7.58,7.67,10.0,7.67,7.58,10.0,0.13
358,7.25,7.67,7.58,7.92,10.0,7.83,7.58,10.0,0.13
359,7.67,7.75,7.5,7.58,10.0,7.75,7.67,10.0,0.1
360,7.67,7.42,7.67,7.83,10.0,7.58,7.67,10.0,0.0
361,8.0,7.58,7.25,7.58,10.0,7.92,7.58,10.0,0.11
362,7.58,7.75,7.5,7.83,10.0,7.42,7.67,10.0,0.1
363,7.75,7.58,7.33,7.5,10.0,7.83,7.83,10.0,0.0
364,7.67,7.5,7.67,7.5,10.0,7.67,7.67,10.0,0.1
365,7.58,7.75,7.42,7.67,10.0,7.75,7.67,10.0,0.0
366,7.58,7.67,7.58,7.75,10.0,7.58,7.75,10.0,0.11
367,7.83,7.58,7.25,7.5,10.0,7.5,7.42,10.0,0.13
368,7.67,7.75,7.67,7.75,10.0,7.58,7.5,10.0,0.11
369,7.75,7.67,7.67,7.75,10.0,7.33,7.5,10.0,0.12
370,7.83,7.5,7.5,8.0,10.0,7.67,7.5,10.0,0.1
371,7.67,7.58,7.58,7.67,10.0,7.67,7.67,10.0,0.11
372,7.5,7.5,7.75,7.5,10.0,8.0,7.67,10.0,0.0
373,7.5,7.67,7.58,7.92,10.0,7.58,7.67,10.0,0.01
374,7.83,7.58,7.58,7.58,10.0,7.75,7.58,10.0,0.0
375,7.5,7.58,7.58,7.5,10.0,7.75,7.83,10.0,0.0
376,7.67,7.75,7.5,7.58,10.0,7.58,7.67,10.0,0.1
377,7.67,7.67,7.5,7.67,10.0,7.67,7.58,10.0,0.11
378,7.58,7.5,7.42,7.92,10.0,7.5,7.67,10.0,0.09
379,7.67,7.67,7.0,7.08,10.0,7.0,7.0,10.0,0.11
380,7.58,7.75,7.33,7.75,10.0,7.67,7.58,10.0,0.11
381,7.5,7.58,7.75,7.5,10.0,7.75,7.67,10.0,0.13
382,7.58,7.5,7.75,7.58,10.0,7.75,7.67,10.0,0.11
383,7.58,7.67,7.58,7.67,10.0,7.58,7.67,10.0,0.12
384,7.33,7.83,7.75,7.5,10.0,7.42,7.83,10.0,0.12
385,7.75,7.67,7.58,7.67,10.0,7.58,7.58,10.0,0.13
386,7.58,7.58,7.25,7.75,10.0,7.75,8.58,9.33,0.12
387,7.75,7.83,7.33,7.83,10.0,7.5,7.67,10.0,0.1
388,7.67,7.75,7.5,7.83,10.0,7.58,7.5,10.0,0.1
389,7.67,7.5,7.75,7.42,10.0,7.75,7.75,10.0,0.11
390,7.42,7.75,7.67,7.58,10.0,7.67,7.67,10.0,0.0
391,7.5,7.75,7.58,7.5,10.0,7.67,7.75,10.0,0.11
392,7.58,7.58,7.58,7.67,10.0,7.75,7.67,10.0,0.1
393,7.5,7.92,7.42,7.67,10.0,7.83,7.58,10.0,0.01
394,7.58,7.25,7.5,7.92,10.0,7.92,7.42,10.0,0.11
395,7.25,7.88,7.38,7.63,10.0,7.5,8.75,9.0,0.09
396,7.75,7.5,7.75,7.58,10.0,7.58,7.58,10.0,0.0
397,7.67,7.58,7.58,7.42,10.0,7.67,7.75,10.0,0.0
398,7.83,7.58,7.58,7.58,10.0,7.5,7.58,10.0,0.0
399,7.5,7.83,7.33,7.58,10.0,7.58,7.92,10.0,0.1
400,7.75,7.75,7.5,7.67,10.0,7.5,7.58,10.0,0.12
401,7.67,7.75,7.42,7.83,10.0,7.83,7.42,10.0,0.11
402,7.75,7.58,7.67,7.58,10.0,7.58,7.58,10.0,0.12
403,7.67,7.67,7.58,7.67,10.0,7.5,7.58,10.0,0.12
404,7.67,7.67,7.42,7.67,10.0,7.67,7.67,10.0,0.12
405,7.83,7.58,7.83,7.67,9.33,7.92,8.0,9.33,0.11
406,7.5,7.67,7.67,7.5,10.0,7.83,7.17,10.0,0.11
407,7.83,7.75,7.58,7.83,10.0,7.92,7.58,9.33,0.12
408,7.58,7.5,7.67,7.5,10.0,7.83,7.42,10.0,0.11
409,7.67,7.67,7.5,7.67,10.0,7.92,7.42,10.0,0.11
410,7.83,7.67,7.17,7.67,10.0,7.67,7.67,10.0,0.11
411,7.92,7.5,7.58,7.83,10.0,7.67,7.67,9.33,0.1
412,7.75,7.67,7.33,7.5,10.0,7.5,7.75,10.0,0.0
413,7.5,7.67,7.67,7.58,10.0,7.67,7.58,10.0,0.0
414,8.08,7.83,7.83,7.75,9.33,7.67,7.58,9.33,0.01
415,7.58,7.67,7.58,7.5,10.0,7.83,7.67,10.0,0.0
416,7.67,7.83,7.42,7.83,10.0,7.33,7.5,10.0,0.11
417,7.5,7.5,7.83,7.5,10.0,7.67,7.67,10.0,0.11
418,7.83,7.5,7.42,7.67,10.0,7.5,7.67,10.0,0.11
419,7.5,7.58,7.42,7.83,10.0,7.67,7.58,10.0,0.11
420,7.5,7.67,7.67,7.42,10.0,7.67,7.67,10.0,0.12
421,7.58,7.67,7.42,7.5,10.0,7.67,7.42,10.0,0.12
422,7.58,7.67,7.67,7.17,10.0,7.75,7.83,10.0,0.0
423,7.83,7.75,7.5,7.58,10.0,7.58,7.58,10.0,0.12
424,7.67,7.5,7.5,7.5,10.0,7.67,7.83,10.0,0.1
425,7.92,7.83,7.75,7.58,10.0,7.5,7.33,10.0,0.1
426,7.58,7.58,7.5,7.58,10.0,7.58,7.75,10.0,0.0
427,7.5,7.67,7.58,7.67,10.0,7.67,7.5,10.0,0.1
428,7.83,7.5,7.67,7.33,10.0,7.67,7.67,10.0,0.11
429,7.58,7.75,7.5,7.5,10.0,7.58,7.58,10.0,0.12
430,7.58,7.75,7.83,8.0,9.33,8.08,7.67,9.33,0.11
431,7.75,7.58,7.58,7.58,10.0,7.5,7.58,10.0,0.13
432,7.75,7.75,7.42,7.92,10.0,7.33,7.5,10.0,0.12
433,7.83,7.58,7.08,7.83,10.0,7.42,8.08,10.0,0.11
434,7.75,7.67,7.5,7.58,10.0,7.58,7.58,10.0,0.11
435,7.67,7.58,7.58,7.42,10.0,7.83,7.58,10.0,0.12
436,7.67,7.67,7.5,7.5,10.0,7.58,7.67,10.0,0.11
437,7.92,7.75,7.25,7.42,10.0,7.83,7.58,10.0,0.08
438,8.0,7.67,7.67,7.25,10.0,7.67,7.5,10.0,0.13
439,7.92,7.75,7.5,7.42,10.0,7.42,7.67,10.0,0.04
440,7.67,7.42,7.5,7.58,10.0,7.67,7.58,10.0,0.11
441,7.58,7.58,7.33,7.67,10.0,7.75,7.58,10.0,0.1
442,7.67,7.58,7.42,7.67,10.0,7.67,7.58,10.0,0.12
443,7.92,7.5,7.5,7.58,10.0,7.67,7.5,10.0,0.11
444,7.58,7.42,7.08,7.33,10.0,7.58,8.58,10.0,0.07
445,7.67,7.75,7.42,7.75,10.0,7.58,7.5,10.0,0.11
446,7.67,7.67,7.5,7.67,10.0,7.5,7.67,10.0,0.11
447,7.5,7.67,7.33,7.67,10.0,7.67,7.67,10.0,0.11
448,7.67,7.67,7.5,7.67,10.0,7.42,7.58,10.0,0.1
449,7.5,7.5,7.33,7.67,10.0,8.0,7.67,10.0,0.0
450,7.5,7.75,7.5,7.83,10.0,7.58,7.5,10.0,0.11
451,7.92,7.67,7.42,7.75,10.0,7.5,7.5,10.0,0.12
452,7.83,7.75,7.67,7.75,9.33,7.83,8.5,9.33,0.1
453,7.67,7.58,7.58,7.75,10.0,7.42,7.67,10.0,0.12
454,7.58,7.67,7.67,7.58,10.0,7.42,7.58,10.0,0.13
455,7.58,7.5,7.5,7.67,10.0,7.5,7.67,10.0,0.0
456,8.0,7.67,7.5,7.42,10.0,7.33,7.58,10.0,0.1
457,7.58,7.75,7.5,7.58,10.0,7.58,7.58,10.0,0.11
458,7.5,7.5,7.5,7.67,10.0,7.67,7.67,10.0,0.1
459,7.67,7.67,7.5,7.67,10.0,7.5,7.67,10.0,0.11
460,7.33,7.83,7.17,8.17,10.0,7.33,7.67,10.0,0.09
461,7.5,7.5,7.58,7.42,10.0,7.92,7.67,10.0,0.11
462,7.58,7.5,7.58,7.75,10.0,7.58,7.58,10.0,0.12
463,7.67,7.83,7.33,7.67,10.0,7.5,7.67,10.0,0.11
464,7.75,7.58,7.58,7.58,10.0,7.5,7.42,10.0,0.11
465,7.75,7.67,7.58,7.5,10.0,7.42,7.58,10.0,0.12
466,7.58,7.75,7.42,7.67,10.0,7.5,7.58,10.0,0.14
467,7.67,7.5,7.5,7.5,10.0,7.58,8.17,10.0,0.11
468,7.75,7.5,7.42,7.75,10.0,7.58,7.58,10.0,0.13
469,7.58,7.67,7.5,7.58,10.0,7.67,7.67,10.0,0.11
470,7.5,7.75,7.58,7.58,10.0,7.67,7.5,10.0,0.11
471,7.75,7.67,7.58,7.5,10.0,7.58,7.58,10.0,0.12
472,7.92,7.58,7.5,7.58,10.0,7.42,7.5,10.0,0.11
473,7.75,7.5,7.67,7.5,9.33,7.92,8.0,10.0,0.0
474,7.75,7.5,7.58,7.5,10.0,7.75,7.5,10.0,0.12
475,7.58,7.75,7.67,7.5,10.0,7.67,7.58,10.0,0.02
476,7.42,7.83,8.17,8.08,10.0,7.17,7.58,10.0,0.14
477,7.75,8.0,7.67,8.08,9.33,7.83,7.92,9.33,0.01
478,7.58,7.67,7.33,7.67,10.0,7.75,7.58,10.0,0.0
479,7.75,7.5,7.5,7.42,10.0,8.0,7.75,10.0,0.0
480,7.58,7.58,7.58,7.5,10.0,7.67,7.58,10.0,0.11
481,7.33,7.67,7.67,7.33,10.0,7.75,7.42,10.0,0.0
482,7.83,7.92,7.5,7.83,10.0,7.67,7.25,9.33,0.0
483,7.42,7.67,7.58,7.5,10.0,7.75,7.67,10.0,0.11
484,7.58,7.83,7.67,7.42,10.0,7.42,7.5,10.0,0.0
485,7.83,7.33,7.5,7.67,10.0,7.58,7.67,10.0,0.1
486,7.33,7.75,7.58,7.33,10.0,7.83,7.67,10.0,0.12
487,7.75,7.75,7.5,7.5,10.0,7.5,7.5,10.0,0.11
488,7.83,7.83,7.33,7.17,10.0,7.75,7.67,10.0,0.1
489,7.75,7.67,7.42,7.75,10.0,7.5,7.5,10.0,0.1
490,7.67,7.58,7.5,7.67,10.0,7.92,8.0,9.33,0.0
491,7.33,7.58,7.58,7.92,10.0,7.67,7.58,10.0,0.12
492,7.33,7.33,7.33,7.58,10.0,7.25,8.08,10.0,0.01
493,7.83,7.75,7.33,7.25,10.0,7.42,7.92,10.0,0.08
494,7.67,7.58,7.5,7.58,10.0,7.67,7.58,10.0,0.0
495,7.92,7.67,7.67,7.25,10.0,7.83,7.67,9.33,0.02
496,7.58,7.5,7.5,7.75,10.0,7.67,7.5,10.0,0.0
497,7.5,7.58,7.58,7.67,10.0,7.58,7.5,10.0,0.11
498,7.5,7.67,7.58,7.67,10.0,7.58,7.42,10.0,0.11
499,7.67,7.58,7.42,7.42,10.0,7.83,7.5,10.0,0.12
500,7.67,7.67,7.5,7.58,10.0,7.42,7.5,10.0,0.12
501,7.67,7.67,7.33,7.67,10.0,7.5,7.58,10.0,0.11
502,7.75,7.67,7.58,7.58,10.0,7.42,7.67,9.33,0.0
503,7.67,7.75,7.33,7.92,10.0,7.42,7.5,10.0,0.11
504,7.75,7.67,7.33,7.75,10.0,7.5,7.42,10.0,0.11
505,7.83,7.67,7.25,7.67,10.0,7.75,7.5,10.0,0.11
506,7.67,7.67,7.67,7.5,10.0,7.42,7.5,10.0,0.0
507,7.92,7.92,7.83,7.58,10.0,7.33,7.25,10.0,0.08
508,7.83,7.58,7.5,7.5,10.0,7.58,7.5,10.0,0.12
509,7.67,7.5,7.67,7.83,9.33,7.75,7.83,10.0,0.0
510,7.67,7.67,7.42,7.83,10.0,7.5,7.5,10.0,0.1
511,7.67,7.58,7.5,7.58,10.0,7.5,7.5,10.0,0.11
512,7.75,7.58,7.42,7.67,10.0,7.42,7.67,10.0,0.12
513,7.75,7.42,7.33,7.5,10.0,7.58,7.17,10.0,0.11
514,7.83,7.5,7.58,7.33,10.0,7.5,7.67,10.0,0.0
515,7.33,7.67,7.75,7.42,10.0,7.75,7.58,10.0,0.11
516,7.58,7.75,7.42,7.67,10.0,7.58,7.42,10.0,0.0
517,7.5,7.5,7.42,7.58,10.0,7.75,7.58,10.0,0.11
518,7.67,7.58,7.42,7.5,10.0,7.67,7.58,10.0,0.11
519,7.67,7.83,7.5,7.58,10.0,7.58,7.67,9.33,0.11
520,7.5,7.67,7.5,7.5,10.0,7.58,7.58,10.0,0.11
521,7.67,7.58,7.5,7.5,10.0,7.75,7.5,10.0,0.0
522,7.75,7.58,7.5,7.67,10.0,7.83,7.75,9.33,0.0
523,7.67,7.58,7.58,7.58,10.0,7.67,7.42,10.0,0.11
524,7.5,7.67,7.5,7.67,10.0,7.5,7.83,10.0,0.1
525,7.67,7.67,7.58,7.5,10.0,7.67,7.42,10.0,0.12
526,7.33,7.67,7.58,7.5,10.0,7.75,7.67,10.0,0.28
527,7.33,7.67,7.58,7.33,10.0,7.58,7.92,10.0,0.08
528,7.83,7.83,7.67,7.83,9.33,7.92,7.83,9.33,0.0
529,7.5,7.58,7.42,7.58,10.0,7.58,7.67,10.0,0.0
530,7.5,7.58,7.67,7.67,10.0,7.58,7.58,10.0,0.06
531,7.58,7.83,7.75,7.92,9.33,7.92,8.08,9.33,0.07
532,7.5,7.25,7.42,7.75,10.0,8.17,7.5,10.0,0.0
533,7.67,7.58,7.5,7.58,10.0,7.58,7.5,10.0,0.0
534,7.5,7.5,7.75,7.58,9.33,7.92,7.83,10.0,0.0
535,7.58,7.67,7.5,7.33,10.0,7.67,7.58,10.0,0.11
536,7.17,7.83,7.25,7.67,10.0,7.67,7.58,10.0,0.09
537,7.58,7.58,7.5,7.5,10.0,7.58,7.58,10.0,0.0
538,7.5,7.58,7.67,7.33,10.0,7.5,7.75,10.0,0.0
539,7.58,7.58,7.67,7.58,10.0,7.5,7.5,10.0,0.11
540,8.08,7.5,7.67,7.42,10.0,7.33,7.5,10.0,0.0
541,7.83,7.67,7.25,7.58,10.0,7.5,7.5,10.0,0.13
542,7.75,7.67,7.42,7.42,10.0,7.75,7.5,10.0,0.12
543,7.08,7.5,7.5,7.83,10.0,7.75,7.67,10.0,0.11
544,8.0,7.5,7.5,7.58,10.0,7.33,7.42,10.0,0.12
545,7.75,7.58,7.58,7.5,10.0,7.5,7.5,10.0,0.12
546,7.75,7.5,7.42,7.58,10.0,7.67,7.5,10.0,0.1
547,7.67,7.83,7.42,7.5,10.0,7.33,7.5,10.0,0.1
548,7.58,7.58,7.25,7.58,10.0,7.58,7.58,10.0,0.1
549,7.58,7.5,7.75,7.33,10.0,7.58,7.58,10.0,0.11
550,7.75,7.5,7.25,7.5,10.0,7.75,7.5,10.0,0.0
551,7.83,7.75,7.25,7.92,10.0,7.5,7.17,10.0,0.11
552,7.83,7.67,7.42,7.42,10.0,7.5,7.58,10.0,0.11
553,7.58,7.58,7.33,7.25,10.0,7.58,7.75,10.0,0.1
554,7.67,7.33,7.17,7.58,10.0,8.08,7.42,10.0,0.0
555,8.0,7.92,7.67,7.17,10.0,7.67,7.42,9.33,0.14
556,7.5,7.5,7.5,7.42,10.0,7.67,7.83,10.0,0.1
557,7.5,7.75,7.33,7.75,10.0,7.08,7.83,10.0,0.15
558,7.42,7.58,7.5,7.17,10.0,7.5,8.0,10.0,0.0
559,7.75,7.58,7.42,7.58,10.0,7.5,7.5,10.0,0.1
560,7.5,7.58,7.33,7.67,10.0,7.58,7.58,10.0,0.11
561,7.67,7.58,7.58,7.5,10.0,7.5,7.42,10.0,0.11
562,7.33,7.67,7.67,7.83,10.0,7.33,7.67,10.0,0.0
563,7.83,7.92,7.75,7.83,9.33,7.75,7.75,9.33,0.11
564,7.25,7.58,7.5,7.42,10.0,7.75,7.42,10.0,0.11
565,7.58,7.58,7.33,7.67,10.0,7.67,7.5,10.0,0.11
566,7.58,7.83,7.33,7.67,10.0,7.42,7.33,10.0,0.12
567,7.83,7.67,7.5,7.58,10.0,7.5,7.67,10.0,0.0
568,7.42,7.58,7.25,7.5,10.0,7.75,7.75,10.0,0.0
569,7.67,7.67,7.75,7.67,10.0,7.42,7.17,10.0,0.1
570,7.5,7.42,7.58,7.5,10.0,7.58,7.58,10.0,0.0
571,7.83,7.5,7.5,7.42,10.0,7.5,7.5,10.0,0.11
572,7.67,7.5,7.33,7.25,10.0,7.58,7.75,10.0,0.11
573,7.58,7.67,7.5,7.58,10.0,7.5,7.5,10.0,0.12
574,7.67,7.58,7.42,7.75,10.0,7.42,7.42,10.0,0.12
575,7.67,7.67,7.33,7.5,10.0,7.33,7.92,10.0,0.11
576,7.58,7.58,7.5,7.42,10.0,7.67,7.58,10.0,0.11
577,7.75,7.58,7.75,7.75,10.0,7.25,7.5,10.0,0.0
578,7.5,7.58,7.42,7.67,10.0,7.58,7.5,10.0,0.1
579,7.58,7.67,7.5,7.58,10.0,7.5,7.42,10.0,0.11
580,7.5,7.67,7.17,7.67,10.0,7.67,7.58,10.0,0.11
581,7.5,7.5,7.42,7.58,10.0,7.67,7.5,10.0,0.1
582,7.42,7.58,7.42,7.67,10.0,7.5,7.5,10.0,0.1
583,7.5,7.58,7.42,7.58,10.0,7.58,7.5,10.0,0.12
584,7.58,7.58,7.33,7.58,10.0,7.33,7.67,10.0,0.12
585,7.83,7.67,7.33,7.67,10.0,7.58,7.67,9.33,0.0
586,7.67,7.67,7.17,7.33,10.0,7.58,7.67,10.0,0.0
587,7.58,7.5,7.42,7.67,10.0,7.42,7.5,10.0,0.09
588,7.58,7.5,7.42,7.58,10.0,7.5,7.5,10.0,0.09
589,7.5,7.5,7.58,7.5,10.0,7.58,7.58,10.0,0.11
590,7.67,7.5,7.33,7.33,10.0,7.67,7.67,10.0,0.1
591,7.5,7.67,7.42,7.67,10.0,7.5,7.5,10.0,0.11
592,7.5,7.58,7.58,7.75,10.0,7.33,7.5,10.0,0.0
593,7.75,7.58,7.42,7.5,10.0,7.33,7.5,10.0,0.12
594,7.75,7.42,7.25,7.75,10.0,7.5,7.67,10.0,0.13
595,7.67,7.42,7.42,7.58,10.0,7.33,7.67,10.0,0.12
596,7.67,7.58,7.42,7.83,10.0,7.33,7.5,10.0,0.1
597,7.58,7.83,7.75,7.75,10.0,7.42,8.0,9.33,0.1
598,7.58,7.33,7.17,7.33,10.0,7.25,8.58,10.0,0.1
599,7.58,7.58,7.5,7.5,10.0,7.5,7.5,10.0,0.12
600,7.58,7.58,7.33,7.75,10.0,7.25,7.58,10.0,0.12
601,8.08,8.17,8.0,8.0,10.0,7.83,7.92,6.67,0.12
602,7.5,7.58,7.42,7.67,10.0,7.5,7.58,10.0,0.0
603,7.67,7.58,7.58,7.58,10.0,7.5,7.42,10.0,0.11
604,7.25,7.75,7.5,7.83,10.0,7.67,7.67,9.33,0.12
605,7.42,7.42,7.5,7.58,10.0,7.5,7.75,10.0,0.0
606,7.75,7.67,7.5,7.83,10.0,7.17,7.42,10.0,0.0
607,7.5,7.58,7.25,7.75,10.0,7.58,7.5,10.0,0.0
608,7.5,7.58,7.5,7.67,10.0,7.5,7.42,10.0,0.11
609,7.67,7.67,7.42,7.42,10.0,7.42,7.5,10.0,0.13
610,7.67,7.67,7.67,7.67,9.33,7.5,7.67,10.0,0.0
611,7.5,7.67,7.42,7.75,10.0,7.42,7.17,10.0,0.11
612,7.75,7.5,7.33,7.58,10.0,7.33,7.75,10.0,0.0
613,7.58,7.5,7.42,7.67,10.0,7.5,7.5,10.0,0.0
614,7.33,7.5,7.58,7.58,10.0,7.67,7.5,10.0,0.12
615,7.5,7.5,7.5,7.5,10.0,7.5,7.58,10.0,0.12
616,7.58,7.5,7.5,7.58,10.0,7.33,7.58,10.0,0.12
617,8.0,7.83,7.83,7.42,10.0,7.25,7.25,10.0,0.08
618,7.67,7.58,7.42,7.5,10.0,7.42,7.5,10.0,0.11
619,7.67,7.5,7.33,7.67,10.0,7.5,7.5,10.0,0.12
620,7.67,7.5,7.5,7.5,10.0,7.5,7.5,10.0,0.11
621,7.42,7.5,7.5,7.67,10.0,7.58,7.5,10.0,0.11
622,7.75,7.58,7.67,7.25,10.0,7.58,7.42,10.0,0.11
623,7.92,8.0,7.5,6.75,9.33,7.92,7.58,10.0,0.0
624,7.67,7.67,7.17,7.67,10.0,7.5,7.5,10.0,0.11
625,7.83,7.33,7.83,7.33,9.33,7.58,7.83,10.0,0.12
626,7.58,7.58,7.42,7.58,10.0,7.42,7.5,10.0,0.11
627,7.5,7.58,7.58,7.58,10.0,7.42,7.42,10.0,0.12
628,7.33,7.58,7.42,7.42,10.0,7.67,7.67,10.0,0.11
629,7.83,7.67,7.5,7.67,9.33,7.5,7.58,10.0,0.03
630,7.75,7.58,7.25,7.75,10.0,7.67,7.58,10.0,0.0
631,8.08,7.67,7.67,7.33,10.0,7.33,7.17,10.0,0.08
632,7.5,7.42,7.33,7.33,10.0,7.67,7.83,10.0,0.21
633,7.5,7.42,7.42,7.75,10.0,7.5,7.5,10.0,0.1
634,7.67,7.42,7.5,7.42,10.0,7.58,7.5,10.0,0.11
635,7.5,7.58,7.42,7.5,10.0,7.75,7.33,10.0,0.11
636,7.25,7.25,7.0,7.08,10.0,7.0,7.0,10.0,0.11
637,7.42,7.42,7.5,7.33,10.0,7.25,7.67,10.0,0.0
638,7.83,7.58,7.42,7.33,10.0,7.42,7.5,10.0,0.13
639,7.75,7.33,7.42,7.67,10.0,7.42,7.5,10.0,0.12
640,7.42,7.58,7.58,7.42,10.0,7.58,7.5,10.0,0.12
641,7.75,7.42,7.33,7.5,10.0,7.58,7.5,10.0,0.12
642,7.83,7.5,7.42,7.58,10.0,7.42,7.42,10.0,0.12
643,7.67,7.42,7.5,7.67,10.0,7.0,7.75,10.0,0.11
644,7.58,7.58,7.42,7.75,10.0,7.67,7.67,9.33,0.0
645,7.5,7.58,7.42,7.58,10.0,7.42,7.58,10.0,0.0
646,7.75,7.25,7.33,7.42,10.0,7.5,7.83,10.0,0.11
647,7.75,7.5,7.75,7.25,10.0,7.33,7.58,10.0,0.11
648,7.58,7.5,7.42,7.58,10.0,7.67,7.42,10.0,0.11
649,7.5,7.58,7.5,7.5,10.0,7.42,7.5,10.0,0.1
650,7.67,7.58,7.58,7.75,10.0,7.67,6.83,10.0,0.12
651,7.33,7.42,7.58,7.42,10.0,7.67,7.5,10.0,0.11
652,7.58,7.5,7.33,7.75,10.0,7.5,7.5,10.0,0.0
653,7.5,7.5,7.5,7.5,10.0,7.58,7.5,10.0,0.11
654,7.83,7.75,7.25,7.5,10.0,7.42,7.33,10.0,0.11
655,7.58,7.58,7.33,7.5,10.0,7.5,7.5,10.0,0.1
656,7.5,7.5,7.33,7.5,10.0,7.67,7.5,10.0,0.1
657,7.5,7.83,7.5,7.75,10.0,7.33,7.42,9.33,0.12
658,7.33,7.5,7.5,7.5,10.0,7.67,7.5,10.0,0.11
659,7.67,7.42,7.33,7.58,10.0,7.5,7.5,10.0,0.12
660,7.75,7.0,7.42,7.58,10.0,7.58,7.58,10.0,0.12
661,7.42,7.58,7.5,7.67,10.0,7.25,7.5,10.0,0.0
662,7.42,7.5,7.67,7.33,10.0,7.42,7.67,10.0,0.11
663,7.83,7.42,7.33,7.67,10.0,7.42,7.5,10.0,0.12
664,7.5,7.5,7.42,7.42,10.0,7.58,7.58,10.0,0.11
665,7.83,7.67,7.17,7.33,10.0,7.5,7.67,10.0,0.11
666,7.5,7.58,7.5,7.5,10.0,7.42,7.42,10.0,0.13
667,7.67,7.5,7.33,7.67,10.0,7.5,7.33,10.0,0.12
668,7.92,7.5,7.33,7.58,10.0,7.25,7.42,10.0,0.11
669,7.67,7.33,7.33,7.33,10.0,7.5,7.83,10.0,0.11
670,7.67,7.42,7.33,7.67,10.0,7.5,7.5,10.0,0.0
671,7.67,7.5,7.33,7.5,10.0,7.25,7.67,10.0,0.11
672,7.33,7.42,7.33,7.75,10.0,7.42,7.67,10.0,0.12
673,7.75,7.58,7.67,7.67,10.0,7.58,7.58,9.33,0.01
674,7.42,7.67,7.17,7.58,10.0,7.58,7.5,10.0,0.12
675,7.58,7.5,7.33,7.75,10.0,7.33,7.5,10.0,0.1
676,7.67,7.58,7.25,7.67,10.0,7.42,7.33,10.0,0.12
677,7.58,7.5,7.25,7.67,10.0,7.5,7.5,10.0,0.12
678,7.5,7.42,7.08,7.75,10.0,7.67,7.5,10.0,0.11
679,5.08,7.75,7.83,7.75,10.0,7.83,8.08,10.0,0.11
680,7.67,7.42,7.42,7.5,10.0,7.42,7.42,10.0,0.1
681,7.42,7.5,7.33,7.5,10.0,7.25,7.42,10.0,0.11
682,7.67,7.25,7.42,7.42,10.0,7.67,7.42,10.0,0.13
683,7.17,7.83,7.33,7.5,10.0,7.75,7.42,10.0,0.0
684,7.5,7.5,7.5,7.67,10.0,7.42,7.5,10.0,0.1
685,7.42,7.5,7.42,7.58,10.0,7.42,7.5,10.0,0.11
686,7.58,7.67,7.33,7.5,10.0,7.5,7.42,10.0,0.12
687,7.58,7.58,7.58,7.75,10.0,7.5,7.58,9.33,0.0
688,7.25,7.33,7.25,7.5,10.0,7.42,7.5,10.0,0.0
689,7.5,7.58,7.5,7.92,10.0,7.42,7.67,9.33,0.12
690,7.25,7.67,7.42,7.17,10.0,7.75,7.5,10.0,0.09
691,7.67,7.42,7.33,7.5,10.0,7.58,7.5,10.0,0.11
692,7.5,7.42,7.42,7.67,10.0,7.42,7.58,10.0,0.12
693,7.42,7.58,7.5,7.42,10.0,7.58,7.5,10.0,0.13
694,7.42,7.58,7.33,7.58,10.0,7.5,7.5,10.0,0.14
695,7.75,7.33,7.25,7.58,10.0,7.58,7.33,10.0,0.13
696,7.5,7.58,7.33,7.5,10.0,7.5,7.5,10.0,0.11
697,7.58,7.58,7.17,7.5,10.0,7.5,7.5,10.0,0.14
698,7.58,7.33,7.33,7.58,10.0,7.5,7.5,10.0,0.11
699,7.67,7.58,7.33,7.42,10.0,7.58,7.33,10.0,0.13
700,7.83,7.5,7.42,7.67,10.0,7.17,7.33,10.0,0.12
701,7.67,7.33,7.25,7.42,10.0,7.5,7.67,10.0,0.0
702,7.75,7.5,7.42,7.42,10.0,7.5,7.42,10.0,0.11
703,7.33,7.58,7.17,7.58,10.0,7.42,7.58,10.0,0.0
704,7.58,7.25,7.42,7.25,10.0,7.58,7.83,10.0,0.02
705,7.5,7.58,7.33,7.5,10.0,7.42,7.42,10.0,0.1
706,7.33,7.5,7.5,7.33,10.0,7.5,7.5,10.0,0.11
707,7.42,7.42,7.42,7.5,10.0,7.5,7.58,10.0,0.11
708,7.5,7.5,7.42,7.5,10.0,7.42,7.5,10.0,0.11
709,7.75,7.5,7.25,7.25,10.0,7.42,7.67,10.0,0.1
710,7.75,7.33,7.5,7.5,10.0,7.33,7.58,10.0,0.0
711,7.5,7.58,7.42,7.5,10.0,7.42,7.42,10.0,0.12
712,8.25,7.83,7.25,8.33,10.0,8.17,8.08,10.0,0.07
713,7.42,7.5,7.5,7.42,10.0,7.5,7.58,10.0,0.11
714,7.5,7.42,7.17,7.83,10.0,7.5,7.5,10.0,0.1
715,7.33,7.58,7.42,7.58,10.0,7.33,7.5,10.0,0.12
716,7.75,8.08,7.67,8.08,6.67,8.08,8.0,10.0,0.11
717,7.58,7.67,7.5,7.58,10.0,7.75,7.5,9.33,0.12
718,7.33,7.58,7.42,7.5,10.0,7.5,7.5,10.0,0.11
719,7.42,7.33,7.5,7.17,10.0,7.08,8.33,10.0,0.1
720,7.5,7.5,7.5,7.5,10.0,7.5,7.5,10.0,0.11
721,7.5,7.5,7.5,7.5,10.0,7.5,7.5,10.0,0.11
722,7.5,7.42,7.58,7.5,10.0,7.5,7.58,10.0,0.12
723,7.5,7.42,7.5,7.5,10.0,7.5,7.58,10.0,0.0
724,7.67,7.5,7.42,7.5,10.0,7.42,7.42,10.0,0.12
725,7.92,7.58,7.25,7.75,10.0,7.92,7.58,9.33,0.0
726,7.67,7.5,7.33,7.67,10.0,7.5,7.33,10.0,0.11
727,7.58,7.67,7.58,7.33,10.0,7.0,7.58,10.0,0.15
728,7.67,7.58,7.5,7.58,10.0,7.5,7.5,10.0,0.13
729,7.5,7.67,7.33,7.5,10.0,7.33,7.5,10.0,0.1
730,7.58,7.5,7.42,7.5,10.0,7.5,7.42,10.0,0.12
731,8.0,7.75,7.33,7.33,10.0,7.08,7.67,9.33,0.11
732,7.58,7.58,7.25,7.58,10.0,7.42,7.5,10.0,0.11
733,7.83,7.58,7.33,7.25,10.0,7.58,7.42,10.0,0.0
734,7.58,7.5,7.25,7.42,10.0,7.67,7.33,10.0,0.09
735,7.0,7.08,7.0,7.17,10.0,7.0,7.0,10.0,0.1
736,7.67,7.5,7.25,7.67,10.0,7.42,7.42,10.0,0.11
737,7.42,7.67,7.5,7.08,10.0,7.5,7.42,10.0,0.0
738,7.58,7.67,7.5,7.67,9.33,7.83,8.42,9.33,0.12
739,7.58,7.5,7.42,7.58,10.0,7.42,7.42,10.0,0.11
740,7.58,7.42,7.33,7.42,10.0,7.58,7.5,10.0,0.13
741,7.75,7.58,7.42,7.42,10.0,7.33,7.33,10.0,0.11
742,7.5,7.5,7.5,7.5,10.0,7.5,7.5,10.0,0.11
743,7.58,7.58,7.42,7.42,10.0,7.42,7.42,10.0,0.12
744,7.33,7.42,7.5,7.67,10.0,7.5,7.42,10.0,0.0
745,7.58,7.58,7.5,7.17,10.0,7.42,7.42,10.0,0.16
746,7.5,7.5,7.33,7.58,10.0,7.67,7.33,10.0,0.11
747,7.5,7.58,7.42,7.67,10.0,7.33,7.42,10.0,0.13
748,7.67,7.58,7.33,7.5,10.0,7.42,7.42,10.0,0.12
749,7.75,7.33,7.33,7.5,10.0,7.5,7.5,10.0,0.0
750,7.33,7.58,7.42,7.67,10.0,7.33,7.5,10.0,0.11
751,7.42,7.5,7.42,7.58,10.0,7.42,7.5,10.0,0.1
752,7.5,7.42,7.67,7.33,10.0,7.58,7.33,10.0,0.12
753,7.67,7.33,7.33,7.33,10.0,7.5,7.5,10.0,0.11
754,7.67,7.58,7.42,7.0,10.0,7.5,7.58,10.0,0.12
755,7.17,7.25,7.58,7.25,10.0,7.58,7.67,10.0,0.22
756,7.42,7.42,7.5,7.42,10.0,7.42,7.5,10.0,0.11
757,7.5,7.5,7.17,7.42,10.0,7.5,7.5,10.0,0.11
758,7.5,7.5,7.33,7.42,10.0,7.5,7.42,10.0,0.1
759,7.58,7.42,7.42,7.33,10.0,7.5,7.42,10.0,0.13
760,7.42,7.42,7.42,7.5,10.0,7.5,7.33,10.0,0.12
761,6.92,7.58,7.42,7.33,10.0,7.83,7.5,10.0,0.0
762,7.42,7.42,7.17,7.75,10.0,7.25,7.67,10.0,0.12
763,7.67,7.5,7.25,7.42,10.0,7.58,7.42,10.0,0.11
764,7.42,7.42,7.5,7.5,10.0,7.42,7.5,10.0,0.09
765,7.58,7.5,7.42,7.25,10.0,7.5,7.42,10.0,0.12
766,7.75,7.42,7.42,7.58,10.0,7.33,7.42,10.0,0.12
767,7.42,7.33,7.17,7.42,10.0,7.33,8.17,10.0,0.12
768,7.5,7.5,7.33,7.42,10.0,7.5,7.42,10.0,0.1
769,7.5,7.5,7.5,7.5,10.0,7.5,7.5,10.0,0.11
770,7.67,7.5,7.5,7.17,10.0,7.17,7.58,10.0,0.0
771,7.33,7.25,7.25,7.58,10.0,7.75,7.5,10.0,0.0
772,7.5,7.67,7.0,7.5,10.0,7.33,7.5,10.0,0.15
773,7.25,7.75,7.0,7.75,9.33,8.17,7.75,10.0,0.12
774,7.5,7.58,7.25,7.5,10.0,7.5,7.33,10.0,0.12
775,7.0,7.67,7.5,7.5,10.0,7.42,7.5,10.0,0.1
776,7.58,7.67,7.42,7.17,10.0,7.17,7.75,10.0,0.08
777,7.5,7.5,7.42,7.42,10.0,7.5,7.42,10.0,0.15
778,7.75,7.58,7.42,7.67,10.0,7.83,7.58,9.33,0.0
779,7.42,7.58,7.42,7.5,10.0,7.42,7.25,10.0,0.11
780,7.25,7.25,7.58,7.58,10.0,7.25,7.92,10.0,0.0
781,7.75,7.42,7.42,7.25,10.0,7.17,7.42,10.0,0.0
782,7.42,7.33,7.42,7.42,10.0,7.5,7.58,10.0,0.12
783,7.42,7.5,7.5,7.33,10.0,7.33,7.5,10.0,0.12
784,7.5,7.42,7.42,7.42,10.0,7.67,7.42,10.0,0.11
785,7.58,7.33,7.33,7.33,10.0,7.5,7.67,10.0,0.11
786,7.25,7.58,7.58,7.25,10.0,7.5,7.42,10.0,0.11
787,7.42,7.58,7.5,7.33,10.0,7.42,7.42,10.0,0.13
788,7.5,7.42,7.42,7.5,10.0,7.25,7.5,10.0,0.13
789,7.67,7.5,7.25,7.58,10.0,7.42,7.33,10.0,0.11
790,7.67,8.0,7.17,7.08,10.0,7.67,7.08,10.0,0.12
791,7.58,7.42,7.25,7.75,10.0,7.33,7.42,10.0,0.11
792,7.33,7.5,7.33,7.58,10.0,7.08,7.83,10.0,0.1
793,7.67,7.42,7.67,7.33,10.0,7.25,7.58,10.0,0.08
794,7.5,7.5,7.17,7.5,10.0,7.5,7.42,10.0,0.12
795,7.5,7.5,7.25,7.33,10.0,7.42,7.5,10.0,0.1
796,7.5,7.33,7.42,7.5,10.0,7.33,7.42,10.0,0.11
797,7.67,7.33,7.33,7.42,10.0,7.42,7.42,10.0,0.13
798,7.42,7.5,7.25,7.33,10.0,7.5,7.5,10.0,0.12
799,7.42,7.42,7.33,7.58,10.0,7.33,7.42,10.0,0.12
800,7.5,7.42,7.33,7.58,10.0,7.33,7.5,10.0,0.13
801,7.33,7.5,7.17,7.42,10.0,7.5,7.33,10.0,0.09
802,7.58,7.5,7.42,7.42,10.0,7.33,7.42,10.0,0.11
803,7.5,7.25,7.33,7.33,10.0,7.75,7.5,10.0,0.1
804,7.33,7.33,7.33,7.5,10.0,7.5,7.83,10.0,0.11
805,7.33,7.33,7.58,7.5,10.0,7.5,7.58,10.0,0.11
806,7.42,7.58,7.33,7.42,10.0,8.0,7.5,9.33,0.12
807,7.33,7.67,7.42,7.17,10.0,7.33,7.42,10.0,0.11
808,7.67,7.33,7.25,7.5,10.0,7.42,7.42,10.0,0.12
809,7.42,7.5,7.33,7.5,10.0,7.33,7.5,10.0,0.12
810,7.42,7.5,7.25,7.5,10.0,7.5,7.42,10.0,0.11
811,7.33,7.33,7.33,7.5,10.0,7.67,7.67,10.0,0.11
812,7.58,7.5,7.17,7.5,10.0,7.5,7.42,10.0,0.12
813,7.75,7.33,7.33,7.42,9.33,7.75,7.67,10.0,0.0
814,7.33,7.0,7.08,7.42,10.0,7.5,7.67,10.0,0.07
815,7.58,7.5,7.25,7.58,10.0,7.58,7.5,9.33,0.1
816,7.5,7.5,7.25,7.42,10.0,7.42,7.42,10.0,0.11
817,7.58,7.5,7.25,7.33,10.0,7.42,7.5,10.0,0.12
818,7.42,7.33,7.33,7.5,10.0,7.5,7.33,10.0,0.11
819,7.67,7.58,7.33,7.5,9.33,7.5,7.67,10.0,0.11
820,7.58,7.58,7.17,7.83,10.0,7.17,7.33,10.0,0.11
821,7.33,7.33,7.33,7.42,10.0,7.5,7.58,10.0,0.12
822,7.58,7.42,7.25,7.17,10.0,7.5,7.67,10.0,0.12
823,7.67,7.08,7.42,7.33,10.0,7.75,7.42,10.0,0.0
824,7.42,7.33,7.33,7.58,10.0,7.33,7.5,10.0,0.11
825,7.5,7.5,7.42,7.25,10.0,7.5,7.5,10.0,0.11
826,7.58,7.5,7.25,7.58,10.0,7.5,7.25,10.0,0.12
827,7.5,7.5,7.25,7.25,10.0,7.5,7.5,10.0,0.13
828,7.5,7.42,7.25,7.5,10.0,7.33,7.33,10.0,0.14
829,7.33,7.58,7.17,7.58,10.0,7.42,7.33,10.0,0.12
830,7.67,7.42,7.33,7.83,10.0,7.5,7.5,9.33,0.12
831,7.42,7.58,7.25,7.5,10.0,7.33,7.5,10.0,0.12
832,7.67,7.33,7.33,7.58,10.0,7.33,7.33,10.0,0.09
833,7.42,7.5,7.25,7.5,10.0,7.33,7.42,10.0,0.1
834,7.25,7.33,7.5,7.33,10.0,7.67,7.42,10.0,0.0
835,7.42,7.5,7.42,7.5,10.0,7.42,7.25,10.0,0.11
836,7.75,7.83,7.58,7.75,10.0,7.92,7.83,10.0,0.11
837,7.58,7.5,7.33,7.42,10.0,7.58,7.25,10.0,0.1
838,7.17,7.58,6.83,7.5,10.0,7.75,7.25,10.0,0.0
839,7.58,7.0,6.92,6.92,10.0,7.67,7.5,10.0,0.0
840,7.33,7.58,7.5,7.42,10.0,7.33,7.33,10.0,0.0
841,7.58,7.5,7.33,7.5,10.0,7.17,7.33,10.0,0.11
842,7.5,7.5,7.33,7.5,10.0,7.42,7.25,10.0,0.12
843,7.67,7.5,7.5,7.25,10.0,7.08,7.42,10.0,0.09
844,7.67,7.33,7.17,7.25,10.0,7.75,7.33,10.0,0.0
845,7.42,7.42,7.42,7.33,10.0,7.42,7.42,10.0,0.11
846,7.58,7.42,7.33,7.33,10.0,7.33,7.42,10.0,0.13
847,7.33,7.58,7.25,7.17,10.0,7.83,7.33,10.0,0.11
848,7.5,7.5,7.33,7.33,10.0,7.33,7.33,10.0,0.1
849,7.42,7.42,7.25,7.5,10.0,7.33,7.42,10.0,0.11
850,7.5,7.5,7.0,7.42,10.0,7.5,7.58,10.0,0.0
851,7.83,7.83,7.83,8.0,10.0,7.83,7.83,10.0,0.0
852,7.75,7.75,7.5,7.42,9.33,7.83,7.75,9.33,0.12
853,7.83,7.67,7.33,7.33,9.33,7.67,7.83,9.33,0.11
854,7.83,7.33,7.25,7.58,10.0,7.25,7.33,10.0,0.12
855,7.33,7.33,7.25,7.5,10.0,7.5,7.5,10.0,0.12
856,7.33,7.67,7.25,7.5,10.0,7.5,7.25,10.0,0.02
857,7.58,7.5,7.17,7.58,10.0,7.33,7.33,10.0,0.05
858,7.25,7.58,7.83,7.67,10.0,7.75,7.75,9.33,0.02
859,7.5,7.5,7.25,7.42,10.0,7.42,7.33,10.0,0.11
860,7.0,7.08,7.33,7.5,10.0,7.5,7.33,10.0,0.12
861,7.42,7.42,7.42,7.42,10.0,7.33,7.33,10.0,0.12
862,7.17,7.25,7.17,7.25,10.0,7.42,8.25,10.0,0.1
863,7.5,7.5,7.33,7.42,10.0,7.25,7.25,10.0,0.13
864,7.42,7.5,7.17,7.67,10.0,7.33,7.42,10.0,0.13
865,7.42,7.5,7.33,7.58,10.0,7.33,7.33,10.0,0.11
866,7.33,7.42,7.33,7.67,10.0,7.42,7.25,10.0,0.12
867,7.5,7.42,7.25,7.33,10.0,7.67,7.25,10.0,0.12
868,7.33,7.42,7.33,7.33,10.0,7.5,7.67,10.0,0.0
869,7.42,7.58,6.92,7.08,10.0,7.25,8.0,10.0,0.08
870,7.42,7.5,7.25,7.5,10.0,7.5,7.25,10.0,0.11
871,7.42,7.42,7.08,7.42,10.0,7.33,7.42,10.0,0.1
872,7.42,7.33,7.17,7.67,10.0,7.33,7.42,10.0,0.12
873,7.58,7.5,7.33,7.33,10.0,7.42,7.25,10.0,0.11
874,7.17,7.33,7.33,7.42,10.0,7.5,7.33,10.0,0.0
875,7.58,7.5,7.25,7.25,10.0,7.5,7.25,10.0,0.1
876,7.75,7.75,7.75,7.67,10.0,5.25,7.83,10.0,0.0
877,7.25,7.75,6.92,7.42,10.0,7.5,7.58,10.0,0.0
878,7.42,7.33,7.25,7.42,10.0,7.5,7.42,10.0,0.12
879,7.33,7.33,7.5,7.25,10.0,7.42,7.33,10.0,0.12
880,7.25,7.42,7.25,7.5,10.0,7.5,7.42,10.0,0.1
881,7.17,7.42,7.33,7.42,10.0,7.33,7.42,10.0,0.11
882,7.5,7.33,7.5,7.5,10.0,7.17,7.17,10.0,0.1
883,7.5,7.17,7.17,7.17,10.0,7.5,7.08,10.0,0.11
884,7.42,7.42,7.67,8.0,10.0,7.58,7.5,9.33,0.0
885,7.5,7.5,7.5,7.25,10.0,7.42,7.25,10.0,0.11
886,7.58,7.42,7.33,7.42,10.0,7.33,7.33,10.0,0.11
887,7.5,7.42,7.08,7.58,10.0,7.33,7.33,10.0,0.12
888,7.5,7.67,7.33,7.33,10.0,7.33,7.33,10.0,0.11
889,7.25,7.67,7.58,7.67,10.0,7.67,7.58,8.67,0.13
890,7.67,7.25,7.17,7.75,10.0,7.5,7.25,10.0,0.11
891,7.5,7.42,7.33,7.42,10.0,7.42,7.42,10.0,0.11
892,7.58,7.42,7.25,7.58,10.0,7.25,7.17,10.0,0.11
893,7.75,7.58,7.25,7.17,10.0,7.58,7.33,9.33,0.11
894,7.42,7.33,7.33,7.33,10.0,7.17,7.83,10.0,0.1
895,7.5,7.42,7.08,7.42,10.0,7.5,7.33,10.0,0.11
896,7.42,7.42,7.08,7.5,10.0,7.42,7.33,10.0,0.12
897,7.42,7.42,7.25,7.67,10.0,7.33,7.25,10.0,0.1
898,7.58,7.42,7.5,7.17,10.0,7.08,7.58,10.0,0.12
899,7.42,7.42,7.33,7.42,10.0,7.42,7.33,10.0,0.12
900,7.42,7.42,7.17,7.58,10.0,7.33,7.33,10.0,0.13
901,7.33,7.17,7.08,7.08,9.33,8.33,8.25,10.0,0.0
902,7.42,7.42,7.33,7.33,10.0,7.5,7.25,10.0,0.12
903,7.42,7.33,7.17,7.58,10.0,7.42,7.5,10.0,0.12
904,7.67,7.5,7.42,7.5,10.0,6.75,7.42,10.0,0.12
905,7.33,7.5,7.25,7.5,10.0,7.5,7.17,10.0,0.11
906,7.67,7.58,7.42,7.58,8.67,7.58,7.42,10.0,0.11
907,7.08,7.33,7.58,7.58,10.0,7.17,7.5,10.0,0.01
908,7.33,7.33,7.17,7.5,10.0,7.58,7.33,10.0,0.2
909,7.25,7.17,7.33,7.33,10.0,7.5,7.75,10.0,0.0
910,7.67,7.58,7.17,7.42,10.0,7.33,7.42,9.33,0.1
911,7.5,7.42,7.33,7.33,10.0,7.25,7.33,10.0,0.11
912,7.5,7.5,7.33,7.42,10.0,7.17,7.25,10.0,0.1
913,7.5,7.42,7.25,7.25,10.0,7.5,7.25,10.0,0.12
914,7.5,7.42,7.33,7.08,10.0,7.58,7.25,10.0,0.12
915,7.25,7.42,7.25,7.5,10.0,7.33,7.33,10.0,0.0
916,7.83,7.33,7.08,7.08,10.0,7.33,7.5,10.0,0.12
917,7.67,7.42,6.92,7.5,10.0,7.5,7.17,10.0,0.12
918,7.5,7.42,7.17,7.58,10.0,7.25,7.42,10.0,0.12
919,7.42,7.33,7.67,7.33,9.33,7.42,7.5,10.0,0.11
920,7.58,7.5,7.5,7.67,9.33,7.67,7.83,9.33,0.0
921,7.42,7.33,7.25,7.42,10.0,7.42,7.33,10.0,0.11
922,7.5,7.42,7.25,7.25,10.0,7.33,7.33,10.0,0.11
923,7.33,7.33,7.17,7.42,10.0,7.5,7.5,10.0,0.13
924,7.58,7.42,7.25,7.42,10.0,7.33,7.33,10.0,0.12
925,7.42,7.25,7.17,7.42,10.0,7.17,8.0,10.0,0.12
926,7.33,7.5,7.33,7.33,10.0,7.33,7.42,10.0,0.11
927,7.42,7.42,7.33,7.17,10.0,7.25,7.42,10.0,0.13
928,7.5,7.5,7.25,7.5,10.0,7.42,7.58,9.33,0.11
929,7.75,7.17,7.17,7.33,10.0,7.58,7.33,10.0,0.12
930,7.5,7.42,7.17,7.42,10.0,7.5,7.33,10.0,0.12
931,7.33,7.5,7.33,7.42,10.0,7.17,7.33,10.0,0.11
932,7.42,7.42,7.17,7.42,10.0,7.42,7.33,10.0,0.06
933,7.33,7.33,7.33,7.5,10.0,7.5,7.83,9.33,0.0
934,7.58,7.33,7.08,7.33,10.0,7.5,7.33,10.0,0.12
935,7.42,7.33,7.08,7.58,10.0,7.33,7.25,10.0,0.1
936,7.33,7.5,7.5,7.33,10.0,6.83,7.42,10.0,0.11
937,7.5,7.33,7.17,7.25,10.0,7.5,7.42,10.0,0.12
938,7.83,7.75,7.42,7.17,10.0,7.08,7.08,10.0,0.12
939,7.58,7.17,7.33,7.42,10.0,7.08,7.42,10.0,0.12
940,7.25,7.5,7.42,7.17,10.0,7.33,7.33,10.0,0.0
941,7.42,7.5,7.17,7.42,10.0,7.42,7.42,10.0,0.1
942,7.67,7.33,7.25,7.17,10.0,7.25,7.42,10.0,0.0
943,7.42,7.42,7.17,7.33,10.0,7.42,7.42,10.0,0.1
944,7.42,7.33,7.25,7.42,10.0,7.42,7.5,10.0,0.12
945,7.42,7.33,7.25,7.17,10.0,7.25,7.42,10.0,0.13
946,7.42,7.42,7.25,7.25,10.0,7.5,7.33,10.0,0.13
947,7.5,7.42,7.25,7.17,10.0,7.17,7.75,10.0,0.11
948,7.75,7.33,7.42,7.0,10.0,7.33,7.25,10.0,0.16
949,7.83,7.0,7.0,7.58,10.0,7.58,7.5,10.0,0.01
950,7.5,7.33,7.33,7.17,10.0,7.33,7.42,10.0,0.0
951,7.5,7.5,7.0,7.17,10.0,7.5,7.33,10.0,0.11
952,7.67,7.42,7.0,7.42,10.0,7.58,7.08,10.0,0.12
953,7.25,7.33,7.33,7.33,10.0,7.33,7.42,10.0,0.11
954,7.58,7.42,7.17,7.42,10.0,7.17,7.17,10.0,0.09
955,7.17,7.33,7.42,7.25,10.0,7.42,7.33,10.0,0.12
956,7.08,7.33,7.42,7.33,10.0,7.33,7.5,10.0,0.14
957,7.75,7.33,7.08,7.33,10.0,7.33,7.25,10.0,0.13
958,7.33,7.33,7.17,7.33,10.0,7.5,7.33,10.0,0.12
959,7.58,7.42,7.25,7.33,10.0,7.25,7.25,10.0,0.13
960,7.33,7.25,7.17,7.42,10.0,7.58,7.33,10.0,0.12
961,7.5,7.58,7.5,7.5,9.33,7.75,7.83,9.33,0.11
962,7.83,7.75,7.67,7.83,10.0,7.83,7.75,9.33,0.12
963,7.17,7.42,7.17,7.08,10.0,6.92,8.17,10.0,0.0
964,7.08,7.5,7.33,7.17,10.0,7.42,7.25,10.0,0.1
965,7.42,7.17,7.17,7.5,10.0,7.33,7.25,10.0,0.12
966,7.33,7.42,7.17,7.25,10.0,7.42,7.33,10.0,0.09
967,7.33,7.17,7.17,7.5,10.0,7.25,7.42,10.0,0.13
968,7.5,7.5,7.25,7.25,10.0,7.25,7.25,10.0,0.11
969,7.5,7.33,7.5,7.58,10.0,7.0,7.25,10.0,0.11
970,7.42,7.42,7.33,7.33,10.0,7.5,7.42,9.33,0.12
971,7.33,7.5,7.17,7.17,10.0,7.58,7.17,10.0,0.09
972,7.67,7.17,7.17,7.33,10.0,7.5,7.17,10.0,0.12
973,7.75,7.58,7.08,7.25,10.0,7.08,7.25,10.0,0.12
974,7.5,7.5,7.33,7.17,10.0,7.08,7.17,10.0,0.11
975,7.42,7.33,7.0,7.42,10.0,7.33,7.33,10.0,0.13
976,6.83,7.42,7.42,7.17,10.0,7.5,7.42,10.0,0.12
977,7.25,7.25,7.25,7.08,10.0,7.58,7.5,10.0,0.0
978,7.58,7.17,7.17,7.33,10.0,7.33,7.25,10.0,0.12
979,7.58,7.25,7.33,7.08,10.0,7.33,7.33,10.0,0.12
980,7.33,7.08,7.33,7.25,10.0,7.33,7.58,10.0,0.11
981,7.42,7.42,7.17,7.42,10.0,7.33,7.25,10.0,0.11
982,7.42,7.25,7.08,7.75,10.0,7.42,7.17,10.0,0.13
983,7.42,7.25,7.33,7.25,10.0,7.25,7.42,10.0,0.12
984,7.42,7.33,7.25,7.42,10.0,7.5,7.17,10.0,0.12
985,7.25,7.75,7.67,7.67,10.0,7.42,7.67,8.67,0.04
986,7.42,7.33,7.17,7.33,10.0,7.42,7.17,10.0,0.11
987,7.58,7.42,7.5,7.25,9.33,7.75,7.58,9.33,0.11
988,7.33,7.33,7.33,7.42,10.0,7.33,7.33,10.0,0.11
989,7.42,7.17,7.33,7.42,10.0,7.25,7.33,10.0,0.0
990,7.42,7.33,7.33,7.25,10.0,7.25,7.33,10.0,0.13
991,7.42,7.25,7.17,7.25,10.0,7.25,7.58,10.0,0.13
992,7.67,7.75,7.67,7.58,10.0,7.58,7.67,6.67,0.0
993,7.25,7.42,7.33,7.33,10.0,7.17,7.33,10.0,0.13
994,7.33,7.25,7.33,7.42,10.0,7.25,7.42,10.0,0.12
995,7.33,7.33,7.25,7.42,10.0,7.25,7.25,10.0,0.11
996,7.42,7.33,7.25,7.42,10.0,7.17,7.25,10.0,0.1
997,7.42,7.42,7.25,7.58,10.0,6.92,7.17,10.0,0.06
998,7.25,7.25,7.17,7.5,10.0,7.33,7.17,10.0,0.11
999,7.42,7.08,7.08,7.33,10.0,7.25,7.58,10.0,0.0
1000,7.33,7.17,7.17,7.67,10.0,7.33,7.17,10.0,0.11
1001,7.42,7.25,7.17,7.5,10.0,7.25,7.17,10.0,0.09
1002,7.67,7.5,7.42,5.25,10.0,7.67,7.75,10.0,0.0
1003,7.5,7.25,7.0,7.25,10.0,7.5,7.25,10.0,0.11
1004,7.25,7.17,7.17,7.25,10.0,7.5,7.33,10.0,0.12
1005,7.42,7.25,7.25,7.33,10.0,7.25,7.17,10.0,0.12
1006,7.67,7.75,7.83,7.75,10.0,7.83,7.75,10.0,0.12
1007,7.33,7.33,7.08,7.42,10.0,7.17,7.33,10.0,0.12
1008,7.33,6.92,7.17,7.33,10.0,7.42,7.42,10.0,0.12
1009,7.5,6.92,7.33,7.33,10.0,7.33,7.33,10.0,0.11
1010,7.33,7.42,7.25,7.42,10.0,7.25,7.17,10.0,0.0
1011,7.08,7.33,7.33,7.33,10.0,7.42,7.25,10.0,0.12
1012,7.58,7.67,7.5,7.67,10.0,7.58,7.5,8.0,0.0
1013,7.33,7.17,7.25,7.33,10.0,7.33,7.25,10.0,0.0
1014,7.67,7.67,7.33,7.58,9.33,7.67,7.5,9.33,0.1
1015,7.17,7.58,7.5,7.5,10.0,8.0,7.75,10.0,0.11
1016,7.5,7.33,7.17,7.42,10.0,7.5,7.33,9.33,0.11
1017,7.17,7.42,7.0,7.58,10.0,7.33,7.0,10.0,0.0
1018,7.42,7.08,7.17,7.17,10.0,7.58,7.25,10.0,0.1
1019,7.33,7.17,7.17,7.25,10.0,7.42,7.33,10.0,0.12
1020,7.25,7.33,7.25,7.25,10.0,7.25,7.33,10.0,0.12
1021,7.92,7.67,7.33,7.08,10.0,7.08,7.08,10.0,0.09
1022,7.17,7.42,7.17,7.25,10.0,7.25,7.33,10.0,0.1
1023,7.33,7.08,7.25,7.0,10.0,7.5,7.42,10.0,0.1
1024,7.58,7.42,6.92,7.5,10.0,7.25,7.17,10.0,0.12
1025,7.42,7.25,7.25,7.25,10.0,7.25,7.25,10.0,0.11
1026,7.25,7.17,7.08,7.08,10.0,7.08,8.08,10.0,0.11
1027,7.42,7.25,7.25,7.25,10.0,7.25,7.25,10.0,0.11
1028,7.58,7.33,7.08,7.5,10.0,7.17,7.25,10.0,0.13
1029,7.67,7.58,7.33,7.33,10.0,7.17,7.0,10.0,0.0
1030,7.42,7.33,7.17,7.17,10.0,7.17,7.25,10.0,0.0
1031,7.67,7.25,7.08,7.33,10.0,7.17,7.25,10.0,0.11
1032,7.17,7.08,7.25,7.42,10.0,7.25,7.33,10.0,0.13
1033,7.33,7.25,7.33,7.33,10.0,7.25,7.17,10.0,0.11
1034,7.5,7.17,7.33,7.25,10.0,7.17,7.17,10.0,0.13
1035,7.42,7.33,7.0,7.25,10.0,7.33,7.5,10.0,0.1
1036,7.33,7.33,7.0,6.83,10.0,7.33,7.67,10.0,0.01
1037,7.17,7.25,7.08,7.17,10.0,7.25,7.58,10.0,0.0
1038,6.92,7.5,7.0,7.58,10.0,7.5,7.08,10.0,0.0
1039,7.5,7.33,7.0,7.42,10.0,7.17,7.17,10.0,0.12
1040,7.25,7.25,7.17,7.25,10.0,7.33,7.25,10.0,0.12
1041,7.5,7.33,7.0,7.42,10.0,7.25,7.17,10.0,0.11
1042,7.25,7.33,7.17,7.33,10.0,7.33,7.17,10.0,0.11
1043,7.42,7.17,7.08,7.42,10.0,7.25,7.25,10.0,0.09
1044,7.25,7.33,7.08,7.5,10.0,7.25,7.33,10.0,0.13
1045,7.33,7.33,7.25,7.25,10.0,7.17,7.17,10.0,0.11
1046,7.58,7.33,7.42,7.25,10.0,7.5,7.5,9.33,0.11
1047,7.42,7.0,7.42,7.25,10.0,7.08,7.33,10.0,0.12
1048,7.08,7.33,7.17,7.25,10.0,7.33,7.67,10.0,0.13
1049,7.33,7.08,7.08,7.08,10.0,7.42,7.33,10.0,0.0
1050,7.58,7.42,7.0,7.67,10.0,7.5,7.5,9.33,0.13
1051,7.67,7.42,6.83,7.17,10.0,7.42,7.17,10.0,0.11
1052,7.83,7.5,7.67,7.67,10.0,7.83,7.5,6.67,0.11
1053,7.5,7.25,7.17,7.17,10.0,7.25,7.17,10.0,0.12
1054,7.25,7.17,7.17,7.25,10.0,7.17,7.42,10.0,0.12
1055,7.67,7.5,7.42,7.67,6.67,7.5,7.75,10.0,0.0
1056,7.67,7.17,7.0,7.5,10.0,7.0,7.0,10.0,0.12
1057,7.0,7.33,7.5,7.33,10.0,7.0,7.33,10.0,0.11
1058,7.0,7.5,7.33,7.17,10.0,7.17,7.17,10.0,0.11
1059,7.17,7.25,7.08,7.42,10.0,7.08,7.42,10.0,0.18
1060,7.33,7.25,7.33,7.08,10.0,7.58,7.25,9.33,0.11
1061,7.08,7.5,7.0,7.25,10.0,7.42,7.0,10.0,0.11
1062,7.25,7.08,7.08,7.33,10.0,7.33,7.25,10.0,0.12
1063,7.42,7.25,7.33,7.0,10.0,7.08,7.25,10.0,0.0
1064,7.5,7.17,7.0,7.42,10.0,7.33,7.0,10.0,0.11
1065,7.17,7.42,6.83,7.5,10.0,7.17,7.25,10.0,0.11
1066,7.42,7.58,7.5,7.92,9.33,7.83,7.83,8.67,0.0
1067,7.08,7.25,7.0,7.5,10.0,7.08,7.33,10.0,0.0
1068,7.17,7.17,7.17,7.42,10.0,7.17,7.25,10.0,0.0
1069,7.33,7.25,7.08,7.17,10.0,7.25,7.17,10.0,0.1
1070,7.58,7.33,7.0,7.17,10.0,7.33,7.08,10.0,0.11
1071,7.25,7.25,7.17,7.17,10.0,7.25,7.17,10.0,0.12
1072,7.25,7.33,7.17,7.5,10.0,7.33,7.25,9.33,0.11
1073,7.17,7.33,7.17,7.42,10.0,7.25,7.08,10.0,0.0
1074,7.5,7.17,6.83,7.5,10.0,7.17,7.17,10.0,0.11
1075,7.42,7.42,7.08,7.33,10.0,7.67,7.5,9.33,0.1
1076,7.42,7.33,7.33,7.58,10.0,7.58,7.42,8.67,0.11
1077,7.5,7.5,7.0,7.67,10.0,7.17,7.0,10.0,0.12
1078,7.25,7.25,7.08,7.33,10.0,7.25,7.17,10.0,0.15
1079,7.25,7.42,7.0,7.42,10.0,7.33,7.0,10.0,0.1
1080,7.58,7.17,7.17,7.17,10.0,7.17,7.17,10.0,0.14
1081,7.33,7.17,7.08,7.08,10.0,7.33,7.17,10.0,0.0
1082,7.25,7.08,7.25,7.17,10.0,7.33,7.17,10.0,0.17
1083,7.25,7.25,7.17,7.25,10.0,7.25,7.25,10.0,0.11
1084,6.92,7.17,7.08,7.5,10.0,7.33,7.17,10.0,0.1
1085,7.42,7.08,7.08,7.33,10.0,7.25,7.17,10.0,0.12
1086,7.08,7.25,7.17,7.33,10.0,7.08,7.08,10.0,0.12
1087,7.25,7.17,7.0,7.25,10.0,7.42,7.08,10.0,0.13
1088,7.25,7.17,7.25,7.25,10.0,7.25,7.08,10.0,0.12
1089,7.25,7.25,7.08,7.25,10.0,7.25,7.25,10.0,0.11
1090,7.33,7.33,6.83,7.5,10.0,7.0,7.17,10.0,0.11
1091,7.25,7.08,7.08,7.33,10.0,7.33,7.17,10.0,0.11
1092,7.17,7.5,6.92,7.33,10.0,7.67,7.33,9.33,0.12
1093,7.25,7.25,7.25,7.33,10.0,7.5,8.0,9.33,0.1
1094,7.17,7.33,7.42,7.08,10.0,7.0,7.0,10.0,0.11
1095,7.25,7.25,7.0,7.0,10.0,7.42,7.0,10.0,0.1
1096,7.25,7.17,7.0,7.33,10.0,7.33,7.0,10.0,0.1
1097,8.0,7.08,7.0,7.33,10.0,7.08,6.92,10.0,0.11
1098,7.42,7.0,7.08,7.0,10.0,7.17,7.33,10.0,0.0
1099,7.08,6.92,7.0,7.25,10.0,7.5,7.25,10.0,0.11
1100,7.5,7.08,7.67,7.67,9.33,7.42,7.58,9.33,0.12
1101,7.42,8.0,7.83,7.75,8.67,8.08,7.58,8.67,0.1
1102,7.25,7.08,7.25,7.25,10.0,7.17,7.25,10.0,0.11
1103,7.0,7.17,7.33,7.33,10.0,7.0,7.17,10.0,0.11
1104,7.58,7.33,7.17,7.25,10.0,6.75,7.0,10.0,0.11
1105,7.42,7.25,7.25,7.58,10.0,7.42,7.33,8.67,0.0
1106,7.17,7.08,7.08,7.33,10.0,7.25,7.08,10.0,0.11
1107,7.25,7.25,7.0,7.17,10.0,7.08,7.08,10.0,0.11
1108,7.33,7.33,7.0,7.17,10.0,7.17,7.17,10.0,0.11
1109,7.33,7.08,6.92,7.42,10.0,7.25,7.08,10.0,0.11
1110,7.58,7.42,7.33,7.5,10.0,7.08,7.17,8.67,0.14
1111,7.33,7.33,7.17,7.08,10.0,7.25,7.0,10.0,0.12
1112,7.33,7.33,7.0,7.33,10.0,7.0,7.0,10.0,0.11
1113,7.58,7.5,7.33,7.33,9.33,7.67,7.33,9.33,0.05
1114,7.17,7.17,7.0,7.17,10.0,7.25,7.25,10.0,0.11
1115,7.42,7.25,7.25,7.17,10.0,7.0,7.0,10.0,0.07
1116,7.25,7.17,6.92,7.25,10.0,7.17,7.25,10.0,0.1
1117,7.25,7.25,7.25,7.25,10.0,7.08,7.0,10.0,0.11
1118,7.25,7.25,7.25,7.0,10.0,7.25,7.08,10.0,0.11
1119,7.25,7.25,7.25,7.08,10.0,7.17,7.08,10.0,0.11
1120,7.33,7.17,7.25,7.08,10.0,7.08,7.08,10.0,0.15
1121,7.25,7.08,7.0,7.17,10.0,7.33,7.17,10.0,0.14
1122,7.33,7.08,6.92,7.08,10.0,7.42,7.17,10.0,0.1
1123,7.17,7.33,7.0,7.42,10.0,7.17,7.0,10.0,0.0
1124,7.58,7.75,7.42,7.5,10.0,7.5,7.5,8.67,0.0
1125,7.25,7.25,7.25,7.0,10.0,7.25,7.0,10.0,0.11
1126,7.33,6.67,7.08,7.42,10.0,7.42,7.08,10.0,0.0
1127,7.25,7.25,7.08,7.17,10.0,7.33,7.33,9.33,0.12
1128,7.08,7.33,7.0,7.33,10.0,7.08,7.0,10.0,0.11
1129,7.42,7.42,7.5,7.92,8.67,7.75,7.58,8.67,0.05
1130,7.83,7.67,7.58,7.75,10.0,7.83,7.17,6.67,0.0
1131,7.5,7.0,7.0,6.92,10.0,7.33,7.17,10.0,0.11
1132,7.33,7.08,7.08,7.33,10.0,7.42,7.17,9.33,0.12
1133,7.17,7.17,6.92,7.25,10.0,7.33,7.08,10.0,0.12
1134,7.5,7.17,7.0,7.17,10.0,7.25,7.08,10.0,0.0
1135,7.17,7.08,7.08,7.08,10.0,7.5,7.33,9.33,0.11
1136,7.33,7.25,7.0,7.42,10.0,7.17,7.17,9.33,0.12
1137,7.17,7.33,7.08,7.58,10.0,7.33,7.08,10.0,0.11
1138,7.5,7.42,7.58,7.42,10.0,7.5,7.58,8.67,0.05
1139,7.0,7.08,7.0,7.17,10.0,7.25,7.25,10.0,0.11
1140,7.33,7.25,6.92,7.33,10.0,7.25,7.33,9.33,0.1
1141,6.83,7.17,7.17,6.92,10.0,7.5,7.08,10.0,0.11
1142,7.17,7.08,7.0,7.25,10.0,7.5,7.0,10.0,0.12
1143,7.58,7.08,6.83,7.17,10.0,7.5,7.17,9.33,0.12
1144,7.5,7.42,7.25,7.58,9.33,7.33,7.42,9.33,0.1
1145,7.75,7.33,7.17,7.33,8.67,7.67,7.83,9.33,0.0
1146,7.08,7.08,7.25,7.0,10.0,7.17,7.17,10.0,0.1
1147,7.25,7.08,6.92,7.5,10.0,7.08,6.92,10.0,0.12
1148,7.0,7.08,7.0,7.25,10.0,7.5,7.42,9.33,0.12
1149,7.58,7.5,7.67,7.75,10.0,7.67,7.58,8.0,0.1
1150,7.58,7.08,7.0,7.0,10.0,7.5,6.92,10.0,0.12
1151,7.58,7.08,6.92,7.58,10.0,7.5,6.92,10.0,0.13
1152,7.25,7.08,7.0,7.17,10.0,7.17,7.08,10.0,0.12
1153,7.25,7.17,7.17,7.08,10.0,7.17,7.0,10.0,0.14
1154,7.33,7.25,7.0,7.08,10.0,7.08,7.0,10.0,0.1
1155,7.58,7.33,7.5,7.33,9.33,7.0,7.33,9.33,0.0
1156,7.25,6.83,6.92,7.08,10.0,7.25,7.08,10.0,0.12
1157,7.42,7.42,7.25,7.58,9.33,7.42,7.33,9.33,0.1
1158,7.25,7.08,7.0,6.83,10.0,7.33,7.17,10.0,0.0
1159,6.92,7.17,6.83,7.42,10.0,7.17,7.08,10.0,0.12
1160,7.5,7.0,6.83,7.08,10.0,7.08,7.17,10.0,0.11
1161,7.42,7.25,6.83,7.58,10.0,7.17,6.58,10.0,0.12
1162,7.33,7.17,7.0,6.75,10.0,7.08,7.0,10.0,0.13
1163,6.92,7.17,7.17,7.17,10.0,7.08,7.08,10.0,0.0
1164,7.17,7.17,7.0,7.0,10.0,7.25,6.92,10.0,0.0
1165,7.08,7.0,6.92,7.33,10.0,7.25,7.08,10.0,0.12
1166,7.25,6.92,6.92,7.33,10.0,7.25,7.0,10.0,0.13
1167,7.25,7.17,7.0,6.75,10.0,7.17,7.33,10.0,0.1
1168,7.08,7.0,6.83,7.33,10.0,7.25,7.0,10.0,0.17
1169,6.92,6.92,7.0,7.42,10.0,7.25,7.0,10.0,0.12
1170,6.92,7.0,7.17,7.0,10.0,7.42,7.0,10.0,0.0
1171,7.83,7.5,7.42,7.42,10.0,7.67,7.5,10.0,0.0
1172,7.25,7.08,6.92,7.25,10.0,7.58,7.08,9.33,0.12
1173,7.25,7.33,7.0,7.25,10.0,7.17,7.17,9.33,0.12
1174,7.08,7.33,7.25,7.58,9.33,7.33,7.42,9.33,0.1
1175,7.25,7.33,6.83,7.0,10.0,7.0,7.17,10.0,0.1
1176,7.0,6.83,6.83,7.42,10.0,7.33,7.17,10.0,0.13
1177,7.42,7.25,6.83,7.0,10.0,7.33,7.08,9.33,0.13
1178,7.42,7.25,6.75,7.25,10.0,7.42,7.25,9.33,0.0
1179,7.0,7.0,6.83,7.33,10.0,7.42,6.92,10.0,0.14
1180,7.42,7.17,7.08,7.17,10.0,7.08,7.08,9.33,0.14
1181,7.17,6.5,6.33,7.25,10.0,7.58,7.33,10.0,0.11
1182,7.08,6.83,6.83,7.25,10.0,7.42,7.08,10.0,0.11
1183,7.0,7.0,6.92,7.17,10.0,7.17,7.08,10.0,0.13
1184,7.33,7.42,7.33,7.42,9.33,7.5,7.42,8.67,0.1
1185,7.58,7.0,6.75,6.92,10.0,7.0,6.92,10.0,0.11
1186,7.08,7.0,6.92,7.42,10.0,7.0,6.92,10.0,0.11
1187,7.25,7.17,6.75,7.25,10.0,7.0,6.92,10.0,0.11
1188,7.17,7.42,7.5,8.0,6.67,7.25,7.83,10.0,0.1
1189,7.25,7.08,6.92,7.08,10.0,7.17,7.17,9.33,0.14
1190,7.17,6.92,6.92,7.08,10.0,7.17,7.0,10.0,0.14
1191,6.75,6.75,6.83,7.25,10.0,7.58,7.08,10.0,0.01
1192,7.58,7.67,7.42,7.42,8.67,7.67,7.67,8.67,0.1
1193,7.42,7.08,6.75,7.33,10.0,7.33,6.92,10.0,0.13
1194,7.33,7.0,6.92,7.25,10.0,7.33,7.08,9.33,0.16
1195,7.25,7.08,6.75,7.33,10.0,7.42,7.0,9.33,0.11
1196,7.17,7.25,7.25,7.17,10.0,7.25,7.08,9.33,0.1
1197,6.75,6.75,6.42,6.83,10.0,7.58,7.5,10.0,0.1
1198,7.33,7.17,6.58,7.42,10.0,7.08,6.83,10.0,0.12
1199,7.0,7.0,7.0,7.0,10.0,7.0,7.0,10.0,0.11
1200,7.67,7.17,7.08,7.25,9.33,8.0,7.5,8.67,0.0
1201,6.75,7.08,6.67,7.25,10.0,7.17,7.08,10.0,0.12
1202,7.5,7.17,6.92,7.5,10.0,7.25,7.0,8.67,0.14
1203,7.17,6.83,6.83,7.25,10.0,7.17,6.92,10.0,0.14
1204,7.33,7.0,6.75,7.08,10.0,7.17,7.25,9.33,0.12
1205,7.5,7.0,6.92,7.08,10.0,6.92,6.75,10.0,0.16
1206,7.17,7.0,6.92,7.0,10.0,7.0,7.0,10.0,0.1
1207,7.5,6.92,6.92,7.25,9.33,7.58,7.42,9.33,0.12
1208,7.33,7.08,6.33,7.25,10.0,7.0,7.0,10.0,0.12
1209,7.25,6.83,6.83,7.0,10.0,7.17,7.0,10.0,0.14
1210,7.25,7.33,7.17,7.25,10.0,7.08,7.0,8.67,0.14
1211,7.67,7.17,6.83,7.33,8.67,7.58,7.17,9.33,0.12
1212,7.0,6.92,6.83,7.17,9.33,7.17,7.17,10.0,0.0
1213,6.92,6.92,6.67,7.25,10.0,7.17,6.92,10.0,0.13
1214,7.08,7.0,6.75,6.83,10.0,7.08,6.92,10.0,0.1
1215,6.83,7.08,6.92,6.75,10.0,7.25,7.08,10.0,0.11
1216,7.33,7.17,6.92,7.58,10.0,7.25,7.17,8.67,0.12
1217,6.83,6.75,7.17,7.25,10.0,7.0,6.92,10.0,0.1
1218,7.0,7.0,6.75,7.33,10.0,6.92,6.92,10.0,0.13
1219,7.92,7.58,7.58,7.92,10.0,7.92,7.5,8.0,0.1
1220,7.92,6.83,7.08,7.42,10.0,6.75,7.33,8.67,0.0
1221,7.25,6.75,6.92,6.92,10.0,7.25,7.58,9.33,0.0
1222,7.08,6.83,6.83,7.0,10.0,7.0,6.92,10.0,0.12
1223,7.25,7.17,7.0,6.83,10.0,7.58,7.08,8.67,0.13
1224,6.83,7.0,6.92,7.08,10.0,6.92,6.83,10.0,0.12
1225,7.58,7.17,7.0,7.17,10.0,7.33,7.0,8.0,0.14
1226,7.5,7.75,7.58,7.83,8.67,7.92,7.92,7.33,0.1
1227,7.17,6.5,6.67,7.0,10.0,7.17,7.17,10.0,0.1
1228,7.17,7.17,6.5,7.17,10.0,7.0,6.83,10.0,0.11
1229,7.25,7.25,7.0,7.5,10.0,7.33,7.42,8.0,0.13
1230,7.17,6.08,6.17,7.25,10.0,7.33,7.33,10.0,0.11
1231,7.5,7.5,7.33,7.58,8.67,7.5,7.42,8.67,0.11
1232,7.42,7.33,7.33,7.5,9.33,7.67,7.75,8.0,0.11
1233,6.92,6.83,6.92,6.92,10.0,6.92,6.83,10.0,0.13
1234,7.08,6.83,6.67,7.25,10.0,7.25,6.92,10.0,0.11
1235,7.5,7.08,7.33,7.17,10.0,7.5,7.5,6.67,0.0
1236,6.83,7.0,6.67,7.0,10.0,7.0,6.83,10.0,0.11
1237,7.58,7.33,7.5,7.42,9.33,7.5,7.33,8.0,0.12
1238,7.42,7.25,6.83,7.33,9.33,7.0,6.92,9.33,0.1
1239,7.33,7.17,6.92,7.08,9.33,7.33,7.0,9.33,0.1
1240,7.0,6.83,6.83,7.17,10.0,6.67,6.83,10.0,0.11
1241,7.25,7.33,7.0,7.0,8.0,7.25,7.08,10.0,0.12
1242,7.42,7.17,7.0,7.17,9.33,7.67,7.17,8.67,0.1
1243,7.5,7.25,7.42,7.0,10.0,7.08,6.83,8.67,0.12
1244,7.42,7.25,7.0,7.0,10.0,7.25,7.08,8.0,0.11
1245,7.17,6.17,6.17,7.08,10.0,7.33,6.83,10.0,0.11
1246,7.42,7.0,7.0,7.17,10.0,7.08,7.0,9.33,0.1
1247,7.0,6.75,6.67,6.83,10.0,7.08,6.83,10.0,0.11
1248,7.0,6.83,6.67,7.17,10.0,6.83,6.83,10.0,0.11
1249,7.17,6.75,6.58,7.33,10.0,7.33,7.17,9.33,0.11
1250,7.58,7.67,7.58,7.67,6.0,7.42,7.42,9.33,0.12
1251,7.17,6.75,6.58,6.75,10.0,6.83,6.75,10.0,0.13
1252,7.08,6.92,6.33,7.0,10.0,6.92,7.0,10.0,0.11
1253,7.5,7.33,7.42,7.58,10.0,7.58,6.92,8.0,0.0
1254,7.33,7.0,6.83,7.17,9.33,7.17,7.17,9.33,0.1
1255,7.33,7.0,6.67,7.0,10.0,6.92,6.92,9.33,0.15
1256,6.83,6.83,6.83,6.75,10.0,6.92,6.92,9.33,0.1
1257,7.08,6.92,6.83,6.67,10.0,7.58,7.42,8.67,0.12
1258,7.08,7.0,7.0,7.25,10.0,7.33,7.25,8.67,0.12
1259,7.42,7.75,7.42,7.67,9.33,7.92,7.83,8.67,0.0
1260,7.67,7.33,7.17,6.67,6.67,7.17,7.42,9.33,0.0
1261,6.67,6.33,6.42,6.83,10.0,7.0,6.92,10.0,0.0
1262,6.42,6.5,6.5,7.33,10.0,6.33,6.92,10.0,0.12
1263,7.17,6.58,6.58,7.0,10.0,7.25,6.58,9.33,0.13
1264,7.5,7.0,6.83,7.5,8.67,7.17,7.33,8.67,0.11
1265,6.17,6.5,6.5,7.17,10.0,7.0,6.83,10.0,0.11
1266,7.25,7.08,6.83,7.17,9.33,7.33,6.83,8.67,0.0
1267,7.5,7.33,7.33,7.58,8.0,7.67,7.25,8.0,0.0
1268,7.42,7.0,6.83,7.08,10.0,6.92,6.83,7.33,0.16
1269,7.33,7.0,6.5,6.08,9.33,7.58,6.33,9.33,0.12
1270,7.08,6.83,6.83,7.17,10.0,7.17,7.08,10.0,0.12
1271,6.83,6.83,6.67,6.83,10.0,7.0,6.83,9.33,0.11
1272,6.83,6.5,6.5,6.92,9.33,6.75,7.0,9.33,0.12
1273,7.17,7.0,6.83,7.5,10.0,7.17,7.0,8.0,0.11
1274,7.92,7.58,7.17,7.58,8.0,7.33,7.17,8.0,0.11
1275,6.67,6.5,6.33,7.0,10.0,7.17,6.75,8.67,0.12
1276,7.5,7.25,6.92,7.0,10.0,7.17,6.83,8.0,0.11
1277,7.17,6.92,6.67,6.83,10.0,7.25,7.75,10.0,0.11
1278,7.25,6.83,6.67,7.08,10.0,7.17,6.83,10.0,0.12
1279,7.17,7.17,6.83,7.17,10.0,7.42,6.67,8.67,0.13
1280,7.0,6.92,6.75,6.92,10.0,7.17,6.83,10.0,0.14
1281,7.08,6.75,6.58,7.0,10.0,7.0,6.75,8.67,0.17
1282,7.33,6.75,6.67,7.25,10.0,7.5,7.0,10.0,0.12
1283,6.75,6.5,6.17,7.0,10.0,7.25,6.75,8.0,0.11
1284,6.75,6.67,6.17,7.17,10.0,7.0,6.58,8.0,0.11
1285,7.08,7.0,6.83,7.5,10.0,7.33,6.83,8.0,0.12
1286,7.5,7.25,7.0,7.25,6.67,7.42,7.33,8.0,0.0
1287,6.5,6.33,6.5,7.5,8.67,7.33,6.83,8.67,0.11
1288,7.0,6.58,6.67,6.83,10.0,7.08,6.83,10.0,0.14
1289,6.92,6.42,6.17,7.33,10.0,7.25,6.75,10.0,0.13
1290,7.67,7.0,7.17,7.58,10.0,7.33,7.33,10.0,0.12
1291,7.17,7.17,7.17,7.58,6.67,7.67,6.92,9.33,0.0
1292,7.25,6.58,6.58,7.0,10.0,7.0,6.42,8.0,0.11
1293,7.0,7.17,6.83,7.17,8.0,7.0,7.17,8.0,0.11
1294,7.08,7.08,6.92,7.08,8.0,6.92,6.92,8.0,0.0
1295,8.0,7.33,7.75,7.33,6.67,7.42,7.67,6.67,0.0
1296,6.92,6.92,6.92,7.5,9.33,7.58,7.17,6.67,0.11
1297,6.92,6.75,7.08,7.17,8.67,7.33,6.67,10.0,0.08
1298,6.33,6.5,6.33,6.83,10.0,6.33,6.5,10.0,0.11
1299,6.92,6.92,6.92,6.92,10.0,7.17,7.0,10.0,0.12
1300,6.5,6.67,6.42,7.17,10.0,7.33,6.5,8.0,0.11
1301,6.92,7.0,6.83,6.92,10.0,7.42,6.92,6.0,0.12
1302,7.0,7.0,6.83,7.0,10.0,7.33,6.83,6.0,0.11
1303,6.67,6.5,6.17,6.67,8.0,6.83,6.17,8.0,0.1
1304,7.0,6.17,6.17,6.67,8.0,6.5,6.17,8.0,0.1
1305,7.0,6.33,6.17,6.5,8.0,6.67,6.17,8.0,0.1
1306,7.08,6.83,6.25,7.42,10.0,7.25,6.75,10.0,0.11
1307,6.75,6.58,6.42,6.67,6.0,7.08,6.67,9.33,0.14
1308,7.25,6.58,6.33,6.25,6.0,6.42,6.08,6.0,0.13
1309,7.5,6.67,6.67,7.67,1.33,7.33,6.67,8.0,0.1
1310,0.0,0.0,0.0,0.0,0.0,0.0,0.0,0.0,0.12
